-- phpMyAdmin SQL Dump
-- version 4.9.1
-- https://www.phpmyadmin.net/
--
-- Host: localhost
-- Generation Time: May 26, 2022 at 05:31 PM
-- Server version: 8.0.18
-- PHP Version: 7.3.11

SET SQL_MODE = "NO_AUTO_VALUE_ON_ZERO";
SET AUTOCOMMIT = 0;
START TRANSACTION;
SET time_zone = "+00:00";


/*!40101 SET @OLD_CHARACTER_SET_CLIENT=@@CHARACTER_SET_CLIENT */;
/*!40101 SET @OLD_CHARACTER_SET_RESULTS=@@CHARACTER_SET_RESULTS */;
/*!40101 SET @OLD_COLLATION_CONNECTION=@@COLLATION_CONNECTION */;
/*!40101 SET NAMES utf8mb4 */;

--
-- Database: `icu`
--

-- --------------------------------------------------------

--
-- Table structure for table `batlino`
--

CREATE TABLE `batlino` (
  `id` int(11) NOT NULL,
  `data` int(11) DEFAULT NULL,
  `date` datetime DEFAULT NULL
) ENGINE=InnoDB DEFAULT CHARSET=utf8mb4 COLLATE=utf8mb4_general_ci;

--
-- Dumping data for table `batlino`
--

INSERT INTO `batlino` (`id`, `data`, `date`) VALUES
(1, 524, '2022-05-25 12:34:45'),
(2, 524, '2022-05-25 12:35:15'),
(3, 506, '2022-05-25 12:35:15'),
(4, 522, '2022-05-25 12:35:16'),
(5, 510, '2022-05-25 12:35:16'),
(6, 518, '2022-05-25 12:35:16'),
(7, 507, '2022-05-25 12:35:16'),
(8, 522, '2022-05-25 12:35:16'),
(9, 512, '2022-05-25 12:35:17'),
(10, 515, '2022-05-25 12:35:17'),
(11, 519, '2022-05-25 12:35:17'),
(12, 509, '2022-05-25 12:35:17'),
(13, 514, '2022-05-25 12:35:17'),
(14, 514, '2022-05-25 12:35:17'),
(15, 517, '2022-05-25 12:35:18'),
(16, 521, '2022-05-25 12:35:18'),
(17, 510, '2022-05-25 12:35:18'),
(18, 508, '2022-05-25 12:35:18'),
(19, 515, '2022-05-25 12:35:19'),
(20, 513, '2022-05-25 12:35:19'),
(21, 508, '2022-05-25 12:35:19'),
(22, 502, '2022-05-25 12:35:19'),
(23, 518, '2022-05-25 12:35:19'),
(24, 511, '2022-05-25 12:35:19'),
(25, 517, '2022-05-25 12:35:19'),
(26, 502, '2022-05-25 12:35:20'),
(27, 534, '2022-05-25 12:35:20'),
(28, 504, '2022-05-25 12:35:20'),
(29, 516, '2022-05-25 12:35:20'),
(30, 499, '2022-05-25 12:35:20'),
(31, 514, '2022-05-25 12:35:20'),
(32, 501, '2022-05-25 12:35:20'),
(33, 521, '2022-05-25 12:35:21'),
(34, 503, '2022-05-25 12:35:21'),
(35, 515, '2022-05-25 12:35:21'),
(36, 505, '2022-05-25 12:35:21'),
(37, 519, '2022-05-25 12:35:21'),
(38, 513, '2022-05-25 12:35:21'),
(39, 526, '2022-05-25 12:35:22'),
(40, 502, '2022-05-25 12:35:22'),
(41, 529, '2022-05-25 12:35:22'),
(42, 495, '2022-05-25 12:35:23'),
(43, 529, '2022-05-25 12:35:23'),
(44, 503, '2022-05-25 12:35:23'),
(45, 526, '2022-05-25 12:35:23'),
(46, 489, '2022-05-25 12:35:23'),
(47, 542, '2022-05-25 12:35:23'),
(48, 501, '2022-05-25 12:35:23'),
(49, 524, '2022-05-25 12:35:24'),
(50, 493, '2022-05-25 12:35:24'),
(51, 524, '2022-05-25 12:35:24'),
(52, 506, '2022-05-25 12:35:24'),
(53, 525, '2022-05-25 12:35:24'),
(54, 505, '2022-05-25 12:35:25'),
(55, 524, '2022-05-25 12:35:25'),
(56, 491, '2022-05-25 12:35:25'),
(57, 520, '2022-05-25 12:35:25'),
(58, 491, '2022-05-25 12:35:25'),
(59, 524, '2022-05-25 12:35:25'),
(60, 501, '2022-05-25 12:35:25'),
(61, 529, '2022-05-25 12:35:25'),
(62, 504, '2022-05-25 12:35:25'),
(63, 529, '2022-05-25 12:35:25'),
(64, 496, '2022-05-25 12:35:25'),
(65, 522, '2022-05-25 12:35:26'),
(66, 492, '2022-05-25 12:35:26'),
(67, 518, '2022-05-25 12:35:26'),
(68, 499, '2022-05-25 12:35:26'),
(69, 521, '2022-05-25 12:35:26'),
(70, 499, '2022-05-25 12:35:26'),
(71, 529, '2022-05-25 12:35:26'),
(72, 503, '2022-05-25 12:35:26'),
(73, 528, '2022-05-25 12:35:26'),
(74, 502, '2022-05-25 12:35:26'),
(75, 516, '2022-05-25 12:35:26'),
(76, 483, '2022-05-25 12:35:26'),
(77, 534, '2022-05-25 12:35:26'),
(78, 499, '2022-05-25 12:35:27'),
(79, 543, '2022-05-25 12:35:27'),
(80, 486, '2022-05-25 12:35:27'),
(81, 516, '2022-05-25 12:35:27'),
(82, 495, '2022-05-25 12:35:27'),
(83, 533, '2022-05-25 12:35:27'),
(84, 505, '2022-05-25 12:35:27'),
(85, 525, '2022-05-25 12:35:27'),
(86, 505, '2022-05-25 12:35:27'),
(87, 528, '2022-05-25 12:35:27'),
(88, 495, '2022-05-25 12:35:27'),
(89, 536, '2022-05-25 12:35:27'),
(90, 492, '2022-05-25 12:35:27'),
(91, 530, '2022-05-25 12:35:28'),
(92, 490, '2022-05-25 12:35:28'),
(93, 523, '2022-05-25 12:35:28'),
(94, 496, '2022-05-25 12:35:28'),
(95, 550, '2022-05-25 12:35:28'),
(96, 499, '2022-05-25 12:35:28'),
(97, 539, '2022-05-25 12:35:28'),
(98, 487, '2022-05-25 12:35:28'),
(99, 539, '2022-05-25 12:35:28'),
(100, 490, '2022-05-25 12:35:28'),
(101, 473, '2022-05-25 12:35:28'),
(102, 467, '2022-05-25 12:35:28'),
(103, 527, '2022-05-25 12:35:28'),
(104, 366, '2022-05-25 12:35:29'),
(105, 731, '2022-05-25 12:35:29'),
(106, 496, '2022-05-25 12:35:29'),
(107, 580, '2022-05-25 12:35:29'),
(108, 235, '2022-05-25 12:35:29'),
(109, 897, '2022-05-25 12:35:29'),
(110, 89, '2022-05-25 12:35:29'),
(111, 1022, '2022-05-25 12:35:29'),
(112, 896, '2022-05-25 12:35:29'),
(113, 1022, '2022-05-25 12:35:29'),
(114, 208, '2022-05-25 12:35:29'),
(115, 116, '2022-05-25 12:35:30'),
(116, 575, '2022-05-25 12:35:30'),
(117, 403, '2022-05-25 12:35:30'),
(118, 974, '2022-05-25 12:35:30'),
(119, 45, '2022-05-25 12:35:30'),
(120, 0, '2022-05-25 12:35:30'),
(121, 117, '2022-05-25 12:35:30'),
(122, 414, '2022-05-25 12:35:30'),
(123, 490, '2022-05-25 12:35:30'),
(124, 509, '2022-05-25 12:35:30'),
(125, 507, '2022-05-25 12:35:30'),
(126, 509, '2022-05-25 12:35:31'),
(127, 516, '2022-05-25 12:35:31'),
(128, 511, '2022-05-25 12:35:31'),
(129, 507, '2022-05-25 12:35:31'),
(130, 509, '2022-05-25 12:35:31'),
(131, 513, '2022-05-25 12:35:31'),
(132, 515, '2022-05-25 12:35:31'),
(133, 521, '2022-05-25 12:35:31'),
(134, 516, '2022-05-25 12:35:31'),
(135, 517, '2022-05-25 12:35:31'),
(136, 509, '2022-05-25 12:35:32'),
(137, 507, '2022-05-25 12:35:32'),
(138, 636, '2022-05-25 12:35:32'),
(139, 945, '2022-05-25 12:35:32'),
(140, 805, '2022-05-25 12:35:32'),
(141, 564, '2022-05-25 12:35:32'),
(142, 1022, '2022-05-25 12:35:32'),
(143, 311, '2022-05-25 12:35:32'),
(144, 73, '2022-05-25 12:35:32'),
(145, 536, '2022-05-25 12:35:32'),
(146, 471, '2022-05-25 12:35:32'),
(147, 1022, '2022-05-25 12:35:32'),
(148, 51, '2022-05-25 12:35:32'),
(149, 0, '2022-05-25 12:35:32'),
(150, 367, '2022-05-25 12:35:33'),
(151, 125, '2022-05-25 12:35:33'),
(152, 1022, '2022-05-25 12:35:33'),
(153, 148, '2022-05-25 12:35:33'),
(154, 451, '2022-05-25 12:35:33'),
(155, 357, '2022-05-25 12:35:33'),
(156, 390, '2022-05-25 12:35:33'),
(157, 636, '2022-05-25 12:35:33'),
(158, 277, '2022-05-25 12:35:33'),
(159, 362, '2022-05-25 12:35:33'),
(160, 747, '2022-05-25 12:35:33'),
(161, 391, '2022-05-25 12:35:33'),
(162, 675, '2022-05-25 12:35:33'),
(163, 156, '2022-05-25 12:35:33'),
(164, 728, '2022-05-25 12:35:34'),
(165, 595, '2022-05-25 12:35:34'),
(166, 1022, '2022-05-25 12:35:34'),
(167, 169, '2022-05-25 12:35:34'),
(168, 56, '2022-05-25 12:35:34'),
(169, 1022, '2022-05-25 12:35:34'),
(170, 346, '2022-05-25 12:35:34'),
(171, 226, '2022-05-25 12:35:34'),
(172, 505, '2022-05-25 12:35:34'),
(173, 552, '2022-05-25 12:35:34'),
(174, 581, '2022-05-25 12:35:34'),
(175, 158, '2022-05-25 12:35:34'),
(176, 457, '2022-05-25 12:35:34'),
(177, 340, '2022-05-25 12:35:35'),
(178, 549, '2022-05-25 12:35:35'),
(179, 492, '2022-05-25 12:35:35'),
(180, 574, '2022-05-25 12:35:35'),
(181, 530, '2022-05-25 12:35:35'),
(182, 545, '2022-05-25 12:35:35'),
(183, 466, '2022-05-25 12:35:35'),
(184, 520, '2022-05-25 12:35:35'),
(185, 412, '2022-05-25 12:35:35'),
(186, 690, '2022-05-25 12:35:35'),
(187, 391, '2022-05-25 12:35:35'),
(188, 560, '2022-05-25 12:35:36'),
(189, 515, '2022-05-25 12:35:36'),
(190, 529, '2022-05-25 12:35:36'),
(191, 456, '2022-05-25 12:35:36'),
(192, 392, '2022-05-25 12:35:36'),
(193, 487, '2022-05-25 12:35:36'),
(194, 693, '2022-05-25 12:35:36'),
(195, 433, '2022-05-25 12:35:36'),
(196, 536, '2022-05-25 12:35:36'),
(197, 566, '2022-05-25 12:35:36'),
(198, 530, '2022-05-25 12:35:36'),
(199, 548, '2022-05-25 12:35:36'),
(200, 478, '2022-05-25 12:35:36'),
(201, 448, '2022-05-25 12:35:37'),
(202, 509, '2022-05-25 12:35:37'),
(203, 527, '2022-05-25 12:35:37'),
(204, 512, '2022-05-25 12:35:37'),
(205, 482, '2022-05-25 12:35:37'),
(206, 545, '2022-05-25 12:35:37'),
(207, 568, '2022-05-25 12:35:37'),
(208, 506, '2022-05-25 12:35:37'),
(209, 467, '2022-05-25 12:35:37'),
(210, 515, '2022-05-25 12:35:37'),
(211, 508, '2022-05-25 12:35:37'),
(212, 513, '2022-05-25 12:35:37'),
(213, 520, '2022-05-25 12:35:37'),
(214, 528, '2022-05-25 12:35:37'),
(215, 517, '2022-05-25 12:35:38'),
(216, 504, '2022-05-25 12:35:38'),
(217, 506, '2022-05-25 12:35:38'),
(218, 524, '2022-05-25 12:35:38'),
(219, 443, '2022-05-25 12:35:38'),
(220, 515, '2022-05-25 12:35:38'),
(221, 506, '2022-05-25 12:35:38'),
(222, 445, '2022-05-25 12:35:38'),
(223, 624, '2022-05-25 12:35:38'),
(224, 531, '2022-05-25 12:35:38'),
(225, 474, '2022-05-25 12:35:38'),
(226, 605, '2022-05-25 12:35:38'),
(227, 517, '2022-05-25 12:35:38'),
(228, 508, '2022-05-25 12:35:39'),
(229, 528, '2022-05-25 12:35:39'),
(230, 472, '2022-05-25 12:35:39'),
(231, 629, '2022-05-25 12:35:39'),
(232, 489, '2022-05-25 12:35:39'),
(233, 484, '2022-05-25 12:35:39'),
(234, 569, '2022-05-25 12:35:39'),
(235, 544, '2022-05-25 12:35:39'),
(236, 523, '2022-05-25 12:35:39'),
(237, 515, '2022-05-25 12:35:39'),
(238, 492, '2022-05-25 12:35:39'),
(239, 534, '2022-05-25 12:35:39'),
(240, 483, '2022-05-25 12:35:39'),
(241, 566, '2022-05-25 12:35:40'),
(242, 515, '2022-05-25 12:35:40'),
(243, 471, '2022-05-25 12:35:40'),
(244, 510, '2022-05-25 12:35:40'),
(245, 495, '2022-05-25 12:35:40'),
(246, 518, '2022-05-25 12:35:40'),
(247, 497, '2022-05-25 12:35:40'),
(248, 505, '2022-05-25 12:35:40'),
(249, 479, '2022-05-25 12:35:40'),
(250, 530, '2022-05-25 12:35:40'),
(251, 474, '2022-05-25 12:35:40'),
(252, 528, '2022-05-25 12:35:41'),
(253, 469, '2022-05-25 12:35:41'),
(254, 551, '2022-05-25 12:35:41'),
(255, 436, '2022-05-25 12:35:41'),
(256, 611, '2022-05-25 12:35:41'),
(257, 457, '2022-05-25 12:35:41'),
(258, 537, '2022-05-25 12:35:41'),
(259, 481, '2022-05-25 12:35:41'),
(260, 600, '2022-05-25 12:35:41'),
(261, 511, '2022-05-25 12:35:41'),
(262, 538, '2022-05-25 12:35:41'),
(263, 476, '2022-05-25 12:35:41'),
(264, 549, '2022-05-25 12:35:41'),
(265, 524, '2022-05-25 12:35:41'),
(266, 569, '2022-05-25 12:35:41'),
(267, 503, '2022-05-25 12:35:42'),
(268, 507, '2022-05-25 12:35:42'),
(269, 497, '2022-05-25 12:35:42'),
(270, 544, '2022-05-25 12:35:42'),
(271, 465, '2022-05-25 12:35:42'),
(272, 541, '2022-05-25 12:35:42'),
(273, 487, '2022-05-25 12:35:42'),
(274, 508, '2022-05-25 12:35:42'),
(275, 470, '2022-05-25 12:35:42'),
(276, 499, '2022-05-25 12:35:42'),
(277, 508, '2022-05-25 12:35:42'),
(278, 467, '2022-05-25 12:35:42'),
(279, 484, '2022-05-25 12:35:42'),
(280, 520, '2022-05-25 12:35:43'),
(281, 508, '2022-05-25 12:35:43'),
(282, 519, '2022-05-25 12:35:43'),
(283, 548, '2022-05-25 12:35:43'),
(284, 524, '2022-05-25 12:35:43'),
(285, 479, '2022-05-25 12:35:43'),
(286, 550, '2022-05-25 12:35:43'),
(287, 486, '2022-05-25 12:35:43'),
(288, 516, '2022-05-25 12:35:43'),
(289, 465, '2022-05-25 12:35:43'),
(290, 588, '2022-05-25 12:35:43'),
(291, 479, '2022-05-25 12:35:43'),
(292, 674, '2022-05-25 12:35:43'),
(293, 459, '2022-05-25 12:35:43'),
(294, 539, '2022-05-25 12:35:44'),
(295, 474, '2022-05-25 12:35:44'),
(296, 558, '2022-05-25 12:35:44'),
(297, 491, '2022-05-25 12:35:44'),
(298, 524, '2022-05-25 12:35:44'),
(299, 496, '2022-05-25 12:35:44'),
(300, 514, '2022-05-25 12:35:44'),
(301, 484, '2022-05-25 12:35:44'),
(302, 516, '2022-05-25 12:35:44'),
(303, 483, '2022-05-25 12:35:44'),
(304, 535, '2022-05-25 12:35:44'),
(305, 546, '2022-05-25 12:35:44'),
(306, 524, '2022-05-25 12:35:44'),
(307, 485, '2022-05-25 12:35:44'),
(308, 484, '2022-05-25 12:35:45'),
(309, 488, '2022-05-25 12:35:45'),
(310, 497, '2022-05-25 12:35:45'),
(311, 479, '2022-05-25 12:35:45'),
(312, 518, '2022-05-25 12:35:45'),
(313, 474, '2022-05-25 12:35:45'),
(314, 545, '2022-05-25 12:35:45'),
(315, 498, '2022-05-25 12:35:45'),
(316, 544, '2022-05-25 12:35:45'),
(317, 505, '2022-05-25 12:35:45'),
(318, 543, '2022-05-25 12:35:45'),
(319, 480, '2022-05-25 12:35:45'),
(320, 535, '2022-05-25 12:35:45'),
(321, 505, '2022-05-25 12:35:45'),
(322, 547, '2022-05-25 12:35:46'),
(323, 480, '2022-05-25 12:35:46'),
(324, 533, '2022-05-25 12:35:46'),
(325, 490, '2022-05-25 12:35:46'),
(326, 540, '2022-05-25 12:35:46'),
(327, 485, '2022-05-25 12:35:46'),
(328, 536, '2022-05-25 12:35:46'),
(329, 494, '2022-05-25 12:35:46'),
(330, 525, '2022-05-25 12:35:46'),
(331, 483, '2022-05-25 12:35:46'),
(332, 542, '2022-05-25 12:35:46'),
(333, 504, '2022-05-25 12:35:46'),
(334, 541, '2022-05-25 12:35:47'),
(335, 486, '2022-05-25 12:35:47'),
(336, 550, '2022-05-25 12:35:47'),
(337, 484, '2022-05-25 12:35:47'),
(338, 538, '2022-05-25 12:35:47'),
(339, 483, '2022-05-25 12:35:47'),
(340, 526, '2022-05-25 12:35:47'),
(341, 504, '2022-05-25 12:35:47'),
(342, 530, '2022-05-25 12:35:47'),
(343, 470, '2022-05-25 12:35:47'),
(344, 551, '2022-05-25 12:35:47'),
(345, 487, '2022-05-25 12:35:47'),
(346, 551, '2022-05-25 12:35:48'),
(347, 493, '2022-05-25 12:35:48'),
(348, 535, '2022-05-25 12:35:48'),
(349, 483, '2022-05-25 12:35:48'),
(350, 552, '2022-05-25 12:35:48'),
(351, 498, '2022-05-25 12:35:48'),
(352, 547, '2022-05-25 12:35:48'),
(353, 481, '2022-05-25 12:35:48'),
(354, 556, '2022-05-25 12:35:49'),
(355, 491, '2022-05-25 12:35:49'),
(356, 545, '2022-05-25 12:35:49'),
(357, 482, '2022-05-25 12:35:49'),
(358, 540, '2022-05-25 12:35:49'),
(359, 484, '2022-05-25 12:35:49'),
(360, 544, '2022-05-25 12:35:49'),
(361, 481, '2022-05-25 12:35:49'),
(362, 544, '2022-05-25 12:35:49'),
(363, 481, '2022-05-25 12:35:49'),
(364, 549, '2022-05-25 12:35:49'),
(365, 473, '2022-05-25 12:35:49'),
(366, 543, '2022-05-25 12:35:50'),
(367, 478, '2022-05-25 12:35:50'),
(368, 549, '2022-05-25 12:35:50'),
(369, 479, '2022-05-25 12:35:50'),
(370, 546, '2022-05-25 12:35:50'),
(371, 499, '2022-05-25 12:35:50'),
(372, 550, '2022-05-25 12:35:50'),
(373, 479, '2022-05-25 12:35:50'),
(374, 548, '2022-05-25 12:35:50'),
(375, 472, '2022-05-25 12:35:50'),
(376, 545, '2022-05-25 12:35:50'),
(377, 485, '2022-05-25 12:35:50'),
(378, 545, '2022-05-25 12:35:50'),
(379, 483, '2022-05-25 12:35:50'),
(380, 548, '2022-05-25 12:35:51'),
(381, 486, '2022-05-25 12:35:51'),
(382, 554, '2022-05-25 12:35:51'),
(383, 480, '2022-05-25 12:35:51'),
(384, 546, '2022-05-25 12:35:51'),
(385, 472, '2022-05-25 12:35:51'),
(386, 549, '2022-05-25 12:35:51'),
(387, 474, '2022-05-25 12:35:51'),
(388, 539, '2022-05-25 12:35:51'),
(389, 480, '2022-05-25 12:35:51'),
(390, 556, '2022-05-25 12:35:51'),
(391, 483, '2022-05-25 12:35:51'),
(392, 543, '2022-05-25 12:35:52'),
(393, 480, '2022-05-25 12:35:52'),
(394, 549, '2022-05-25 12:35:52'),
(395, 475, '2022-05-25 12:35:52'),
(396, 553, '2022-05-25 12:35:52'),
(397, 470, '2022-05-25 12:35:52'),
(398, 542, '2022-05-25 12:35:52'),
(399, 467, '2022-05-25 12:35:52'),
(400, 550, '2022-05-25 12:35:52'),
(401, 483, '2022-05-25 12:35:52'),
(402, 549, '2022-05-25 12:35:52'),
(403, 484, '2022-05-25 12:35:53'),
(404, 554, '2022-05-25 12:35:53'),
(405, 475, '2022-05-25 12:35:53'),
(406, 556, '2022-05-25 12:35:53'),
(407, 472, '2022-05-25 12:35:53'),
(408, 547, '2022-05-25 12:35:53'),
(409, 475, '2022-05-25 12:35:53'),
(410, 548, '2022-05-25 12:35:53'),
(411, 485, '2022-05-25 12:35:53'),
(412, 550, '2022-05-25 12:35:53'),
(413, 477, '2022-05-25 12:35:53'),
(414, 545, '2022-05-25 12:35:53'),
(415, 471, '2022-05-25 12:35:54'),
(416, 552, '2022-05-25 12:35:54'),
(417, 472, '2022-05-25 12:35:54'),
(418, 558, '2022-05-25 12:35:54'),
(419, 485, '2022-05-25 12:35:54'),
(420, 557, '2022-05-25 12:35:54'),
(421, 472, '2022-05-25 12:35:54'),
(422, 554, '2022-05-25 12:35:54'),
(423, 476, '2022-05-25 12:35:54'),
(424, 554, '2022-05-25 12:35:54'),
(425, 475, '2022-05-25 12:35:55'),
(426, 546, '2022-05-25 12:35:55'),
(427, 467, '2022-05-25 12:35:55'),
(428, 559, '2022-05-25 12:35:55'),
(429, 475, '2022-05-25 12:35:55'),
(430, 543, '2022-05-25 12:35:55'),
(431, 471, '2022-05-25 12:35:55'),
(432, 564, '2022-05-25 12:35:55'),
(433, 475, '2022-05-25 12:35:55'),
(434, 554, '2022-05-25 12:35:55'),
(435, 471, '2022-05-25 12:35:55'),
(436, 551, '2022-05-25 12:35:55'),
(437, 465, '2022-05-25 12:35:55'),
(438, 551, '2022-05-25 12:35:56'),
(439, 472, '2022-05-25 12:35:56'),
(440, 556, '2022-05-25 12:35:56'),
(441, 474, '2022-05-25 12:35:56'),
(442, 565, '2022-05-25 12:35:56'),
(443, 469, '2022-05-25 12:35:56'),
(444, 546, '2022-05-25 12:35:56'),
(445, 476, '2022-05-25 12:35:56'),
(446, 556, '2022-05-25 12:35:56'),
(447, 475, '2022-05-25 12:35:56'),
(448, 551, '2022-05-25 12:35:56'),
(449, 467, '2022-05-25 12:35:56'),
(450, 558, '2022-05-25 12:35:57'),
(451, 464, '2022-05-25 12:35:57'),
(452, 553, '2022-05-25 12:35:57'),
(453, 468, '2022-05-25 12:35:57'),
(454, 550, '2022-05-25 12:35:57'),
(455, 464, '2022-05-25 12:35:57'),
(456, 556, '2022-05-25 12:35:57'),
(457, 464, '2022-05-25 12:35:57'),
(458, 557, '2022-05-25 12:35:57'),
(459, 467, '2022-05-25 12:35:57'),
(460, 559, '2022-05-25 12:35:57'),
(461, 470, '2022-05-25 12:35:57'),
(462, 560, '2022-05-25 12:35:58'),
(463, 478, '2022-05-25 12:35:58'),
(464, 559, '2022-05-25 12:35:58'),
(465, 472, '2022-05-25 12:35:58'),
(466, 557, '2022-05-25 12:35:58'),
(467, 463, '2022-05-25 12:35:58'),
(468, 551, '2022-05-25 12:35:58'),
(469, 460, '2022-05-25 12:35:58'),
(470, 561, '2022-05-25 12:35:58'),
(471, 469, '2022-05-25 12:35:58'),
(472, 566, '2022-05-25 12:35:58'),
(473, 459, '2022-05-25 12:35:58'),
(474, 557, '2022-05-25 12:35:58'),
(475, 468, '2022-05-25 12:35:58'),
(476, 549, '2022-05-25 12:35:59'),
(477, 477, '2022-05-25 12:35:59'),
(478, 567, '2022-05-25 12:35:59'),
(479, 465, '2022-05-25 12:35:59'),
(480, 550, '2022-05-25 12:35:59'),
(481, 479, '2022-05-25 12:35:59'),
(482, 576, '2022-05-25 12:35:59'),
(483, 475, '2022-05-25 12:35:59'),
(484, 577, '2022-05-25 12:35:59'),
(485, 443, '2022-05-25 12:35:59'),
(486, 556, '2022-05-25 12:35:59'),
(487, 468, '2022-05-25 12:35:59'),
(488, 559, '2022-05-25 12:35:59'),
(489, 467, '2022-05-25 12:35:59'),
(490, 576, '2022-05-25 12:36:00'),
(491, 468, '2022-05-25 12:36:00'),
(492, 569, '2022-05-25 12:36:00'),
(493, 468, '2022-05-25 12:36:00'),
(494, 567, '2022-05-25 12:36:00'),
(495, 468, '2022-05-25 12:36:00'),
(496, 567, '2022-05-25 12:36:00'),
(497, 457, '2022-05-25 12:36:00'),
(498, 559, '2022-05-25 12:36:00'),
(499, 453, '2022-05-25 12:36:00'),
(500, 568, '2022-05-25 12:36:00'),
(501, 455, '2022-05-25 12:36:00'),
(502, 549, '2022-05-25 12:36:00'),
(503, 467, '2022-05-25 12:36:01'),
(504, 489, '2022-05-25 12:36:01'),
(505, 462, '2022-05-25 12:36:01'),
(506, 632, '2022-05-25 12:36:01'),
(507, 620, '2022-05-25 12:36:01'),
(508, 510, '2022-05-25 12:36:01'),
(509, 698, '2022-05-25 12:36:01'),
(510, 299, '2022-05-25 12:36:01'),
(511, 463, '2022-05-25 12:36:01'),
(512, 916, '2022-05-25 12:36:02'),
(513, 668, '2022-05-25 12:36:02'),
(514, 965, '2022-05-25 12:36:02'),
(515, 197, '2022-05-25 12:36:02'),
(516, 850, '2022-05-25 12:36:02'),
(517, 0, '2022-05-25 12:36:02'),
(518, 1022, '2022-05-25 12:36:02'),
(519, 220, '2022-05-25 12:36:02'),
(520, 0, '2022-05-25 12:36:03'),
(521, 243, '2022-05-25 12:36:03'),
(522, 459, '2022-05-25 12:36:03'),
(523, 498, '2022-05-25 12:36:03'),
(524, 516, '2022-05-25 12:36:03'),
(525, 518, '2022-05-25 12:36:03'),
(526, 528, '2022-05-25 12:36:03'),
(527, 516, '2022-05-25 12:36:03'),
(528, 515, '2022-05-25 12:36:03'),
(529, 507, '2022-05-25 12:36:03'),
(530, 514, '2022-05-25 12:36:03'),
(531, 518, '2022-05-25 12:36:03'),
(532, 523, '2022-05-25 12:36:03'),
(533, 514, '2022-05-25 12:36:03'),
(534, 500, '2022-05-25 12:36:03'),
(535, 508, '2022-05-25 12:36:03'),
(536, 514, '2022-05-25 12:36:04'),
(537, 534, '2022-05-25 12:36:04'),
(538, 138, '2022-05-25 12:36:04'),
(539, 291, '2022-05-25 12:36:04'),
(540, 0, '2022-05-25 12:36:04'),
(541, 515, '2022-05-25 12:36:04'),
(542, 370, '2022-05-25 12:36:04'),
(543, 438, '2022-05-25 12:36:04'),
(544, 286, '2022-05-25 12:36:04'),
(545, 712, '2022-05-25 12:36:04'),
(546, 1022, '2022-05-25 12:36:04'),
(547, 129, '2022-05-25 12:36:04'),
(548, 118, '2022-05-25 12:36:04'),
(549, 345, '2022-05-25 12:36:04'),
(550, 1022, '2022-05-25 12:36:04'),
(551, 764, '2022-05-25 12:36:05'),
(552, 476, '2022-05-25 12:36:05'),
(553, 590, '2022-05-25 12:36:05'),
(554, 1022, '2022-05-25 12:36:05'),
(555, 820, '2022-05-25 12:36:05'),
(556, 41, '2022-05-25 12:36:05'),
(557, 123, '2022-05-25 12:36:05'),
(558, 194, '2022-05-25 12:36:05'),
(559, 1022, '2022-05-25 12:36:05'),
(560, 212, '2022-05-25 12:36:05'),
(561, 1022, '2022-05-25 12:36:05'),
(562, 290, '2022-05-25 12:36:05'),
(563, 730, '2022-05-25 12:36:05'),
(564, 630, '2022-05-25 12:36:05'),
(565, 417, '2022-05-25 12:36:05'),
(566, 486, '2022-05-25 12:36:05'),
(567, 286, '2022-05-25 12:36:06'),
(568, 1015, '2022-05-25 12:36:06'),
(569, 887, '2022-05-25 12:36:06'),
(570, 377, '2022-05-25 12:36:06'),
(571, 442, '2022-05-25 12:36:06'),
(572, 738, '2022-05-25 12:36:06'),
(573, 260, '2022-05-25 12:36:06'),
(574, 795, '2022-05-25 12:36:06'),
(575, 687, '2022-05-25 12:36:06'),
(576, 334, '2022-05-25 12:36:06'),
(577, 452, '2022-05-25 12:36:06'),
(578, 983, '2022-05-25 12:36:07'),
(579, 503, '2022-05-25 12:36:07'),
(580, 860, '2022-05-25 12:36:07'),
(581, 923, '2022-05-25 12:36:07'),
(582, 400, '2022-05-25 12:36:07'),
(583, 422, '2022-05-25 12:36:07'),
(584, 622, '2022-05-25 12:36:07'),
(585, 583, '2022-05-25 12:36:07'),
(586, 508, '2022-05-25 12:36:07'),
(587, 655, '2022-05-25 12:36:07'),
(588, 172, '2022-05-25 12:36:07'),
(589, 431, '2022-05-25 12:36:07'),
(590, 509, '2022-05-25 12:36:07'),
(591, 259, '2022-05-25 12:36:07'),
(592, 378, '2022-05-25 12:36:08'),
(593, 696, '2022-05-25 12:36:08'),
(594, 492, '2022-05-25 12:36:08'),
(595, 621, '2022-05-25 12:36:08'),
(596, 363, '2022-05-25 12:36:08'),
(597, 598, '2022-05-25 12:36:08'),
(598, 342, '2022-05-25 12:36:08'),
(599, 558, '2022-05-25 12:36:08'),
(600, 523, '2022-05-25 12:36:08'),
(601, 441, '2022-05-25 12:36:08'),
(602, 595, '2022-05-25 12:36:08'),
(603, 478, '2022-05-25 12:36:08'),
(604, 713, '2022-05-25 12:36:08'),
(605, 535, '2022-05-25 12:36:08'),
(606, 573, '2022-05-25 12:36:08'),
(607, 524, '2022-05-25 12:36:09'),
(608, 509, '2022-05-25 12:36:09'),
(609, 443, '2022-05-25 12:36:09'),
(610, 733, '2022-05-25 12:36:09'),
(611, 505, '2022-05-25 12:36:09'),
(612, 532, '2022-05-25 12:36:09'),
(613, 487, '2022-05-25 12:36:09'),
(614, 498, '2022-05-25 12:36:09'),
(615, 482, '2022-05-25 12:36:09'),
(616, 523, '2022-05-25 12:36:09'),
(617, 628, '2022-05-25 12:36:09'),
(618, 482, '2022-05-25 12:36:09'),
(619, 521, '2022-05-25 12:36:09'),
(620, 504, '2022-05-25 12:36:09'),
(621, 445, '2022-05-25 12:36:09'),
(622, 736, '2022-05-25 12:36:09'),
(623, 524, '2022-05-25 12:36:09'),
(624, 460, '2022-05-25 12:36:10'),
(625, 519, '2022-05-25 12:36:10'),
(626, 490, '2022-05-25 12:36:10'),
(627, 543, '2022-05-25 12:36:10'),
(628, 529, '2022-05-25 12:36:10'),
(629, 475, '2022-05-25 12:36:10'),
(630, 591, '2022-05-25 12:36:10'),
(631, 458, '2022-05-25 12:36:10'),
(632, 549, '2022-05-25 12:36:10'),
(633, 515, '2022-05-25 12:36:10'),
(634, 552, '2022-05-25 12:36:10'),
(635, 493, '2022-05-25 12:36:10'),
(636, 536, '2022-05-25 12:36:10'),
(637, 463, '2022-05-25 12:36:10'),
(638, 500, '2022-05-25 12:36:11'),
(639, 461, '2022-05-25 12:36:11'),
(640, 509, '2022-05-25 12:36:11'),
(641, 490, '2022-05-25 12:36:11'),
(642, 544, '2022-05-25 12:36:11'),
(643, 469, '2022-05-25 12:36:11'),
(644, 558, '2022-05-25 12:36:11'),
(645, 472, '2022-05-25 12:36:11'),
(646, 538, '2022-05-25 12:36:11'),
(647, 466, '2022-05-25 12:36:11'),
(648, 565, '2022-05-25 12:36:11'),
(649, 443, '2022-05-25 12:36:11'),
(650, 528, '2022-05-25 12:36:11'),
(651, 513, '2022-05-25 12:36:11'),
(652, 506, '2022-05-25 12:36:11'),
(653, 566, '2022-05-25 12:36:11'),
(654, 502, '2022-05-25 12:36:12'),
(655, 464, '2022-05-25 12:36:12'),
(656, 535, '2022-05-25 12:36:12'),
(657, 456, '2022-05-25 12:36:12'),
(658, 542, '2022-05-25 12:36:12'),
(659, 472, '2022-05-25 12:36:12'),
(660, 564, '2022-05-25 12:36:12'),
(661, 477, '2022-05-25 12:36:12'),
(662, 579, '2022-05-25 12:36:12'),
(663, 455, '2022-05-25 12:36:13'),
(664, 553, '2022-05-25 12:36:13'),
(665, 480, '2022-05-25 12:36:13'),
(666, 547, '2022-05-25 12:36:13'),
(667, 477, '2022-05-25 12:36:13'),
(668, 565, '2022-05-25 12:36:13'),
(669, 516, '2022-05-25 12:36:13'),
(670, 527, '2022-05-25 12:36:13'),
(671, 534, '2022-05-25 12:36:13'),
(672, 536, '2022-05-25 12:36:13'),
(673, 480, '2022-05-25 12:36:13'),
(674, 542, '2022-05-25 12:36:13'),
(675, 467, '2022-05-25 12:36:13'),
(676, 535, '2022-05-25 12:36:13'),
(677, 480, '2022-05-25 12:36:14'),
(678, 579, '2022-05-25 12:36:14'),
(679, 461, '2022-05-25 12:36:14'),
(680, 576, '2022-05-25 12:36:14'),
(681, 511, '2022-05-25 12:36:14'),
(682, 534, '2022-05-25 12:36:14'),
(683, 478, '2022-05-25 12:36:14'),
(684, 549, '2022-05-25 12:36:14'),
(685, 485, '2022-05-25 12:36:14'),
(686, 573, '2022-05-25 12:36:14'),
(687, 456, '2022-05-25 12:36:14'),
(688, 563, '2022-05-25 12:36:14'),
(689, 501, '2022-05-25 12:36:14'),
(690, 528, '2022-05-25 12:36:14'),
(691, 481, '2022-05-25 12:36:14'),
(692, 524, '2022-05-25 12:36:14'),
(693, 472, '2022-05-25 12:36:14'),
(694, 555, '2022-05-25 12:36:15'),
(695, 474, '2022-05-25 12:36:15'),
(696, 525, '2022-05-25 12:36:15'),
(697, 487, '2022-05-25 12:36:15'),
(698, 519, '2022-05-25 12:36:15'),
(699, 463, '2022-05-25 12:36:15'),
(700, 555, '2022-05-25 12:36:15'),
(701, 465, '2022-05-25 12:36:15'),
(702, 628, '2022-05-25 12:36:15'),
(703, 451, '2022-05-25 12:36:15'),
(704, 534, '2022-05-25 12:36:15'),
(705, 484, '2022-05-25 12:36:16'),
(706, 532, '2022-05-25 12:36:16'),
(707, 500, '2022-05-25 12:36:16'),
(708, 541, '2022-05-25 12:36:16'),
(709, 487, '2022-05-25 12:36:16'),
(710, 575, '2022-05-25 12:36:16'),
(711, 475, '2022-05-25 12:36:16'),
(712, 526, '2022-05-25 12:36:16'),
(713, 500, '2022-05-25 12:36:16'),
(714, 509, '2022-05-25 12:36:16'),
(715, 510, '2022-05-25 12:36:16'),
(716, 553, '2022-05-25 12:36:16'),
(717, 468, '2022-05-25 12:36:17'),
(718, 515, '2022-05-25 12:36:17'),
(719, 481, '2022-05-25 12:36:17'),
(720, 535, '2022-05-25 12:36:17'),
(721, 464, '2022-05-25 12:36:17'),
(722, 551, '2022-05-25 12:36:17'),
(723, 482, '2022-05-25 12:36:17'),
(724, 522, '2022-05-25 12:36:17'),
(725, 451, '2022-05-25 12:36:17'),
(726, 550, '2022-05-25 12:36:17'),
(727, 467, '2022-05-25 12:36:17'),
(728, 516, '2022-05-25 12:36:17'),
(729, 487, '2022-05-25 12:36:17'),
(730, 550, '2022-05-25 12:36:17'),
(731, 496, '2022-05-25 12:36:18'),
(732, 528, '2022-05-25 12:36:18'),
(733, 453, '2022-05-25 12:36:18'),
(734, 603, '2022-05-25 12:36:18'),
(735, 463, '2022-05-25 12:36:18'),
(736, 577, '2022-05-25 12:36:18'),
(737, 479, '2022-05-25 12:36:18'),
(738, 517, '2022-05-25 12:36:18'),
(739, 489, '2022-05-25 12:36:18'),
(740, 534, '2022-05-25 12:36:18'),
(741, 500, '2022-05-25 12:36:18'),
(742, 586, '2022-05-25 12:36:18'),
(743, 446, '2022-05-25 12:36:18'),
(744, 620, '2022-05-25 12:36:18'),
(745, 484, '2022-05-25 12:36:18'),
(746, 534, '2022-05-25 12:36:19'),
(747, 497, '2022-05-25 12:36:19'),
(748, 549, '2022-05-25 12:36:19'),
(749, 488, '2022-05-25 12:36:19'),
(750, 536, '2022-05-25 12:36:19'),
(751, 473, '2022-05-25 12:36:19'),
(752, 570, '2022-05-25 12:36:19'),
(753, 486, '2022-05-25 12:36:19'),
(754, 536, '2022-05-25 12:36:19'),
(755, 462, '2022-05-25 12:36:19'),
(756, 598, '2022-05-25 12:36:19'),
(757, 468, '2022-05-25 12:36:19'),
(758, 546, '2022-05-25 12:36:19'),
(759, 488, '2022-05-25 12:36:20'),
(760, 535, '2022-05-25 12:36:20'),
(761, 476, '2022-05-25 12:36:20'),
(762, 542, '2022-05-25 12:36:20'),
(763, 499, '2022-05-25 12:36:20'),
(764, 534, '2022-05-25 12:36:20'),
(765, 507, '2022-05-25 12:36:20'),
(766, 558, '2022-05-25 12:36:20'),
(767, 488, '2022-05-25 12:36:20'),
(768, 542, '2022-05-25 12:36:20'),
(769, 487, '2022-05-25 12:36:20'),
(770, 506, '2022-05-25 12:36:20'),
(771, 456, '2022-05-25 12:36:20'),
(772, 508, '2022-05-25 12:36:20'),
(773, 506, '2022-05-25 12:36:20'),
(774, 552, '2022-05-25 12:36:20'),
(775, 492, '2022-05-25 12:36:20'),
(776, 553, '2022-05-25 12:36:21'),
(777, 459, '2022-05-25 12:36:21'),
(778, 529, '2022-05-25 12:36:21'),
(779, 499, '2022-05-25 12:36:21'),
(780, 541, '2022-05-25 12:36:21'),
(781, 489, '2022-05-25 12:36:21'),
(782, 489, '2022-05-25 12:36:21'),
(783, 478, '2022-05-25 12:36:21'),
(784, 537, '2022-05-25 12:36:21'),
(785, 513, '2022-05-25 12:36:21'),
(786, 543, '2022-05-25 12:36:21'),
(787, 494, '2022-05-25 12:36:21'),
(788, 585, '2022-05-25 12:36:21'),
(789, 483, '2022-05-25 12:36:21'),
(790, 543, '2022-05-25 12:36:21'),
(791, 487, '2022-05-25 12:36:21'),
(792, 537, '2022-05-25 12:36:22'),
(793, 492, '2022-05-25 12:36:22'),
(794, 551, '2022-05-25 12:36:22'),
(795, 480, '2022-05-25 12:36:22'),
(796, 546, '2022-05-25 12:36:22'),
(797, 466, '2022-05-25 12:36:22'),
(798, 547, '2022-05-25 12:36:22'),
(799, 479, '2022-05-25 12:36:22'),
(800, 547, '2022-05-25 12:36:22'),
(801, 472, '2022-05-25 12:36:22'),
(802, 537, '2022-05-25 12:36:22'),
(803, 483, '2022-05-25 12:36:22'),
(804, 551, '2022-05-25 12:36:22'),
(805, 474, '2022-05-25 12:36:22'),
(806, 547, '2022-05-25 12:36:22'),
(807, 461, '2022-05-25 12:36:22'),
(808, 548, '2022-05-25 12:36:23'),
(809, 484, '2022-05-25 12:36:23'),
(810, 551, '2022-05-25 12:36:23'),
(811, 473, '2022-05-25 12:36:23'),
(812, 546, '2022-05-25 12:36:23'),
(813, 475, '2022-05-25 12:36:23'),
(814, 546, '2022-05-25 12:36:23'),
(815, 483, '2022-05-25 12:36:23'),
(816, 548, '2022-05-25 12:36:23'),
(817, 471, '2022-05-25 12:36:23'),
(818, 545, '2022-05-25 12:36:23'),
(819, 480, '2022-05-25 12:36:23'),
(820, 554, '2022-05-25 12:36:23'),
(821, 483, '2022-05-25 12:36:24'),
(822, 557, '2022-05-25 12:36:24'),
(823, 477, '2022-05-25 12:36:24'),
(824, 548, '2022-05-25 12:36:24'),
(825, 480, '2022-05-25 12:36:24'),
(826, 546, '2022-05-25 12:36:24'),
(827, 477, '2022-05-25 12:36:24'),
(828, 551, '2022-05-25 12:36:24'),
(829, 472, '2022-05-25 12:36:24'),
(830, 560, '2022-05-25 12:36:24'),
(831, 482, '2022-05-25 12:36:24'),
(832, 548, '2022-05-25 12:36:24'),
(833, 496, '2022-05-25 12:36:24'),
(834, 549, '2022-05-25 12:36:24'),
(835, 474, '2022-05-25 12:36:25'),
(836, 547, '2022-05-25 12:36:25'),
(837, 470, '2022-05-25 12:36:25'),
(838, 547, '2022-05-25 12:36:25'),
(839, 472, '2022-05-25 12:36:25'),
(840, 562, '2022-05-25 12:36:25'),
(841, 479, '2022-05-25 12:36:25'),
(842, 536, '2022-05-25 12:36:25'),
(843, 488, '2022-05-25 12:36:25'),
(844, 550, '2022-05-25 12:36:25'),
(845, 481, '2022-05-25 12:36:25'),
(846, 555, '2022-05-25 12:36:25'),
(847, 478, '2022-05-25 12:36:25'),
(848, 556, '2022-05-25 12:36:26'),
(849, 483, '2022-05-25 12:36:26'),
(850, 548, '2022-05-25 12:36:26'),
(851, 487, '2022-05-25 12:36:26'),
(852, 549, '2022-05-25 12:36:26'),
(853, 474, '2022-05-25 12:36:26'),
(854, 555, '2022-05-25 12:36:26'),
(855, 479, '2022-05-25 12:36:26'),
(856, 538, '2022-05-25 12:36:26'),
(857, 483, '2022-05-25 12:36:26'),
(858, 556, '2022-05-25 12:36:26'),
(859, 471, '2022-05-25 12:36:26'),
(860, 551, '2022-05-25 12:36:26'),
(861, 476, '2022-05-25 12:36:27'),
(862, 557, '2022-05-25 12:36:27'),
(863, 476, '2022-05-25 12:36:27'),
(864, 563, '2022-05-25 12:36:27'),
(865, 461, '2022-05-25 12:36:27'),
(866, 558, '2022-05-25 12:36:27'),
(867, 472, '2022-05-25 12:36:27'),
(868, 542, '2022-05-25 12:36:27'),
(869, 472, '2022-05-25 12:36:27'),
(870, 551, '2022-05-25 12:36:27'),
(871, 478, '2022-05-25 12:36:27'),
(872, 561, '2022-05-25 12:36:27'),
(873, 466, '2022-05-25 12:36:28'),
(874, 564, '2022-05-25 12:36:28'),
(875, 475, '2022-05-25 12:36:28'),
(876, 554, '2022-05-25 12:36:28'),
(877, 480, '2022-05-25 12:36:28'),
(878, 554, '2022-05-25 12:36:28'),
(879, 473, '2022-05-25 12:36:28'),
(880, 556, '2022-05-25 12:36:28'),
(881, 475, '2022-05-25 12:36:29'),
(882, 550, '2022-05-25 12:36:29'),
(883, 464, '2022-05-25 12:36:29'),
(884, 556, '2022-05-25 12:36:29'),
(885, 465, '2022-05-25 12:36:29'),
(886, 555, '2022-05-25 12:36:29'),
(887, 474, '2022-05-25 12:36:29'),
(888, 570, '2022-05-25 12:36:29'),
(889, 462, '2022-05-25 12:36:29'),
(890, 559, '2022-05-25 12:36:29'),
(891, 467, '2022-05-25 12:36:29'),
(892, 562, '2022-05-25 12:36:29'),
(893, 471, '2022-05-25 12:36:29'),
(894, 561, '2022-05-25 12:36:29'),
(895, 469, '2022-05-25 12:36:30'),
(896, 547, '2022-05-25 12:36:30'),
(897, 480, '2022-05-25 12:36:30'),
(898, 552, '2022-05-25 12:36:30'),
(899, 466, '2022-05-25 12:36:30'),
(900, 558, '2022-05-25 12:36:30'),
(901, 470, '2022-05-25 12:36:30'),
(902, 554, '2022-05-25 12:36:30'),
(903, 470, '2022-05-25 12:36:30'),
(904, 562, '2022-05-25 12:36:30'),
(905, 454, '2022-05-25 12:36:30'),
(906, 557, '2022-05-25 12:36:30'),
(907, 457, '2022-05-25 12:36:30'),
(908, 558, '2022-05-25 12:36:31'),
(909, 475, '2022-05-25 12:36:31'),
(910, 563, '2022-05-25 12:36:31'),
(911, 478, '2022-05-25 12:36:31'),
(912, 564, '2022-05-25 12:36:31'),
(913, 470, '2022-05-25 12:36:31'),
(914, 559, '2022-05-25 12:36:31'),
(915, 457, '2022-05-25 12:36:31'),
(916, 553, '2022-05-25 12:36:31'),
(917, 466, '2022-05-25 12:36:31'),
(918, 558, '2022-05-25 12:36:31'),
(919, 471, '2022-05-25 12:36:31'),
(920, 561, '2022-05-25 12:36:31'),
(921, 470, '2022-05-25 12:36:32'),
(922, 554, '2022-05-25 12:36:32'),
(923, 460, '2022-05-25 12:36:32'),
(924, 577, '2022-05-25 12:36:32'),
(925, 467, '2022-05-25 12:36:32'),
(926, 563, '2022-05-25 12:36:32'),
(927, 471, '2022-05-25 12:36:32'),
(928, 562, '2022-05-25 12:36:32'),
(929, 466, '2022-05-25 12:36:32'),
(930, 562, '2022-05-25 12:36:32'),
(931, 468, '2022-05-25 12:36:32'),
(932, 566, '2022-05-25 12:36:33'),
(933, 469, '2022-05-25 12:36:33'),
(934, 557, '2022-05-25 12:36:33'),
(935, 457, '2022-05-25 12:36:33'),
(936, 557, '2022-05-25 12:36:33'),
(937, 459, '2022-05-25 12:36:33'),
(938, 565, '2022-05-25 12:36:33'),
(939, 464, '2022-05-25 12:36:33'),
(940, 547, '2022-05-25 12:36:33'),
(941, 461, '2022-05-25 12:36:33'),
(942, 577, '2022-05-25 12:36:34'),
(943, 464, '2022-05-25 12:36:34'),
(944, 566, '2022-05-25 12:36:34'),
(945, 463, '2022-05-25 12:36:34'),
(946, 557, '2022-05-25 12:36:34'),
(947, 460, '2022-05-25 12:36:34'),
(948, 574, '2022-05-25 12:36:34'),
(949, 464, '2022-05-25 12:36:34'),
(950, 561, '2022-05-25 12:36:34'),
(951, 472, '2022-05-25 12:36:34'),
(952, 551, '2022-05-25 12:36:34'),
(953, 458, '2022-05-25 12:36:34'),
(954, 565, '2022-05-25 12:36:35'),
(955, 455, '2022-05-25 12:36:35'),
(956, 572, '2022-05-25 12:36:35'),
(957, 453, '2022-05-25 12:36:35'),
(958, 567, '2022-05-25 12:36:35'),
(959, 456, '2022-05-25 12:36:35'),
(960, 564, '2022-05-25 12:36:35'),
(961, 469, '2022-05-25 12:36:35'),
(962, 562, '2022-05-25 12:36:35'),
(963, 463, '2022-05-25 12:36:35'),
(964, 565, '2022-05-25 12:36:35'),
(965, 461, '2022-05-25 12:36:35'),
(966, 561, '2022-05-25 12:36:36'),
(967, 463, '2022-05-25 12:36:36'),
(968, 558, '2022-05-25 12:36:36'),
(969, 447, '2022-05-25 12:36:36'),
(970, 561, '2022-05-25 12:36:36'),
(971, 463, '2022-05-25 12:36:36'),
(972, 573, '2022-05-25 12:36:36'),
(973, 469, '2022-05-25 12:36:36'),
(974, 556, '2022-05-25 12:36:36'),
(975, 467, '2022-05-25 12:36:36'),
(976, 575, '2022-05-25 12:36:36'),
(977, 453, '2022-05-25 12:36:37'),
(978, 564, '2022-05-25 12:36:37'),
(979, 432, '2022-05-25 12:36:37'),
(980, 582, '2022-05-25 12:36:37'),
(981, 468, '2022-05-25 12:36:37'),
(982, 581, '2022-05-25 12:36:37'),
(983, 465, '2022-05-25 12:36:37'),
(984, 575, '2022-05-25 12:36:37'),
(985, 461, '2022-05-25 12:36:38'),
(986, 569, '2022-05-25 12:36:38'),
(987, 455, '2022-05-25 12:36:38'),
(988, 558, '2022-05-25 12:36:38'),
(989, 455, '2022-05-25 12:36:38'),
(990, 570, '2022-05-25 12:36:38'),
(991, 451, '2022-05-25 12:36:38'),
(992, 563, '2022-05-25 12:36:39'),
(993, 459, '2022-05-25 12:36:39'),
(994, 577, '2022-05-25 12:36:39'),
(995, 455, '2022-05-25 12:36:39'),
(996, 566, '2022-05-25 12:36:39'),
(997, 447, '2022-05-25 12:36:39'),
(998, 565, '2022-05-25 12:36:39'),
(999, 455, '2022-05-25 12:36:39'),
(1000, 582, '2022-05-25 12:36:39'),
(1001, 470, '2022-05-25 12:36:39'),
(1002, 575, '2022-05-25 12:36:40'),
(1003, 462, '2022-05-25 12:36:40'),
(1004, 577, '2022-05-25 12:36:40'),
(1005, 456, '2022-05-25 12:36:40'),
(1006, 579, '2022-05-25 12:36:40'),
(1007, 460, '2022-05-25 12:36:40'),
(1008, 575, '2022-05-25 12:36:40'),
(1009, 454, '2022-05-25 12:36:40'),
(1010, 569, '2022-05-25 12:36:40'),
(1011, 478, '2022-05-25 12:36:40'),
(1012, 553, '2022-05-25 12:36:40'),
(1013, 489, '2022-05-25 12:36:41'),
(1014, 574, '2022-05-25 12:36:41'),
(1015, 400, '2022-05-25 12:36:41'),
(1016, 555, '2022-05-25 12:36:41'),
(1017, 390, '2022-05-25 12:36:41'),
(1018, 624, '2022-05-25 12:36:41'),
(1019, 506, '2022-05-25 12:36:41'),
(1020, 450, '2022-05-25 12:36:41'),
(1021, 509, '2022-05-25 12:36:41'),
(1022, 76, '2022-05-25 12:36:41'),
(1023, 297, '2022-05-25 12:36:41'),
(1024, 816, '2022-05-25 12:36:42'),
(1025, 0, '2022-05-25 12:36:42'),
(1026, 620, '2022-05-25 12:36:42'),
(1027, 700, '2022-05-25 12:36:42'),
(1028, 227, '2022-05-25 12:36:42'),
(1029, 1022, '2022-05-25 12:36:42'),
(1030, 0, '2022-05-25 12:36:42'),
(1031, 407, '2022-05-25 12:36:42'),
(1032, 483, '2022-05-25 12:36:42'),
(1033, 515, '2022-05-25 12:36:42'),
(1034, 511, '2022-05-25 12:36:42'),
(1035, 524, '2022-05-25 12:36:42'),
(1036, 514, '2022-05-25 12:36:43'),
(1037, 511, '2022-05-25 12:36:43'),
(1038, 513, '2022-05-25 12:36:43'),
(1039, 531, '2022-05-25 12:36:43'),
(1040, 514, '2022-05-25 12:36:43'),
(1041, 519, '2022-05-25 12:36:43'),
(1042, 508, '2022-05-25 12:36:43'),
(1043, 513, '2022-05-25 12:36:43'),
(1044, 515, '2022-05-25 12:36:43'),
(1045, 515, '2022-05-25 12:36:43'),
(1046, 508, '2022-05-25 12:36:43'),
(1047, 613, '2022-05-25 12:36:43'),
(1048, 252, '2022-05-25 12:36:44'),
(1049, 447, '2022-05-25 12:36:44'),
(1050, 641, '2022-05-25 12:36:44'),
(1051, 0, '2022-05-25 12:36:44'),
(1052, 675, '2022-05-25 12:36:44'),
(1053, 635, '2022-05-25 12:36:44'),
(1054, 773, '2022-05-25 12:36:44'),
(1055, 228, '2022-05-25 12:36:44'),
(1056, 606, '2022-05-25 12:36:44'),
(1057, 217, '2022-05-25 12:36:44'),
(1058, 1022, '2022-05-25 12:36:44'),
(1059, 0, '2022-05-25 12:36:44'),
(1060, 411, '2022-05-25 12:36:44'),
(1061, 275, '2022-05-25 12:36:45'),
(1062, 171, '2022-05-25 12:36:45'),
(1063, 438, '2022-05-25 12:36:45'),
(1064, 354, '2022-05-25 12:36:45'),
(1065, 1022, '2022-05-25 12:36:45'),
(1066, 194, '2022-05-25 12:36:45'),
(1067, 527, '2022-05-25 12:36:45'),
(1068, 186, '2022-05-25 12:36:45'),
(1069, 467, '2022-05-25 12:36:45'),
(1070, 239, '2022-05-25 12:36:45'),
(1071, 492, '2022-05-25 12:36:45'),
(1072, 462, '2022-05-25 12:36:45'),
(1073, 494, '2022-05-25 12:36:45'),
(1074, 463, '2022-05-25 12:36:46'),
(1075, 1022, '2022-05-25 12:36:46'),
(1076, 225, '2022-05-25 12:36:46'),
(1077, 603, '2022-05-25 12:36:46'),
(1078, 481, '2022-05-25 12:36:46'),
(1079, 477, '2022-05-25 12:36:46'),
(1080, 788, '2022-05-25 12:36:46'),
(1081, 177, '2022-05-25 12:36:46'),
(1082, 550, '2022-05-25 12:36:46'),
(1083, 483, '2022-05-25 12:36:46'),
(1084, 432, '2022-05-25 12:36:46'),
(1085, 417, '2022-05-25 12:36:46'),
(1086, 586, '2022-05-25 12:36:47'),
(1087, 241, '2022-05-25 12:36:47'),
(1088, 519, '2022-05-25 12:36:47'),
(1089, 449, '2022-05-25 12:36:47'),
(1090, 404, '2022-05-25 12:36:47'),
(1091, 608, '2022-05-25 12:36:47'),
(1092, 420, '2022-05-25 12:36:47'),
(1093, 455, '2022-05-25 12:36:47'),
(1094, 611, '2022-05-25 12:36:47'),
(1095, 537, '2022-05-25 12:36:48'),
(1096, 566, '2022-05-25 12:36:48'),
(1097, 569, '2022-05-25 12:36:48'),
(1098, 498, '2022-05-25 12:36:48'),
(1099, 541, '2022-05-25 12:36:48'),
(1100, 539, '2022-05-25 12:36:48'),
(1101, 469, '2022-05-25 12:36:48'),
(1102, 455, '2022-05-25 12:36:48'),
(1103, 529, '2022-05-25 12:36:48'),
(1104, 517, '2022-05-25 12:36:48'),
(1105, 501, '2022-05-25 12:36:48'),
(1106, 517, '2022-05-25 12:36:48'),
(1107, 545, '2022-05-25 12:36:48'),
(1108, 528, '2022-05-25 12:36:49'),
(1109, 397, '2022-05-25 12:36:49'),
(1110, 564, '2022-05-25 12:36:49'),
(1111, 464, '2022-05-25 12:36:49'),
(1112, 477, '2022-05-25 12:36:49'),
(1113, 570, '2022-05-25 12:36:49'),
(1114, 545, '2022-05-25 12:36:49'),
(1115, 693, '2022-05-25 12:36:49'),
(1116, 519, '2022-05-25 12:36:49'),
(1117, 462, '2022-05-25 12:36:49'),
(1118, 575, '2022-05-25 12:36:49'),
(1119, 461, '2022-05-25 12:36:49'),
(1120, 556, '2022-05-25 12:36:50'),
(1121, 639, '2022-05-25 12:36:50'),
(1122, 536, '2022-05-25 12:36:50'),
(1123, 492, '2022-05-25 12:36:50'),
(1124, 510, '2022-05-25 12:36:50'),
(1125, 575, '2022-05-25 12:36:50'),
(1126, 495, '2022-05-25 12:36:50'),
(1127, 467, '2022-05-25 12:36:50'),
(1128, 531, '2022-05-25 12:36:50'),
(1129, 593, '2022-05-25 12:36:50'),
(1130, 505, '2022-05-25 12:36:50'),
(1131, 464, '2022-05-25 12:36:50'),
(1132, 531, '2022-05-25 12:36:50'),
(1133, 473, '2022-05-25 12:36:51'),
(1134, 558, '2022-05-25 12:36:51'),
(1135, 480, '2022-05-25 12:36:51'),
(1136, 508, '2022-05-25 12:36:51'),
(1137, 483, '2022-05-25 12:36:51'),
(1138, 509, '2022-05-25 12:36:51'),
(1139, 483, '2022-05-25 12:36:51'),
(1140, 516, '2022-05-25 12:36:51'),
(1141, 548, '2022-05-25 12:36:51'),
(1142, 545, '2022-05-25 12:36:51'),
(1143, 531, '2022-05-25 12:36:51'),
(1144, 542, '2022-05-25 12:36:51'),
(1145, 476, '2022-05-25 12:36:52'),
(1146, 550, '2022-05-25 12:36:52'),
(1147, 483, '2022-05-25 12:36:52'),
(1148, 505, '2022-05-25 12:36:52'),
(1149, 553, '2022-05-25 12:36:52'),
(1150, 529, '2022-05-25 12:36:52'),
(1151, 492, '2022-05-25 12:36:52'),
(1152, 527, '2022-05-25 12:36:52'),
(1153, 471, '2022-05-25 12:36:52'),
(1154, 532, '2022-05-25 12:36:52'),
(1155, 472, '2022-05-25 12:36:52'),
(1156, 505, '2022-05-25 12:36:53'),
(1157, 542, '2022-05-25 12:36:53'),
(1158, 482, '2022-05-25 12:36:53'),
(1159, 511, '2022-05-25 12:36:53'),
(1160, 526, '2022-05-25 12:36:53'),
(1161, 503, '2022-05-25 12:36:53'),
(1162, 504, '2022-05-25 12:36:53'),
(1163, 483, '2022-05-25 12:36:53'),
(1164, 516, '2022-05-25 12:36:53'),
(1165, 563, '2022-05-25 12:36:53'),
(1166, 536, '2022-05-25 12:36:53'),
(1167, 488, '2022-05-25 12:36:53'),
(1168, 543, '2022-05-25 12:36:54'),
(1169, 495, '2022-05-25 12:36:54'),
(1170, 527, '2022-05-25 12:36:54'),
(1171, 521, '2022-05-25 12:36:54'),
(1172, 602, '2022-05-25 12:36:54'),
(1173, 461, '2022-05-25 12:36:54'),
(1174, 540, '2022-05-25 12:36:54'),
(1175, 474, '2022-05-25 12:36:54'),
(1176, 529, '2022-05-25 12:36:54'),
(1177, 495, '2022-05-25 12:36:54'),
(1178, 588, '2022-05-25 12:36:54'),
(1179, 500, '2022-05-25 12:36:55'),
(1180, 506, '2022-05-25 12:36:55'),
(1181, 611, '2022-05-25 12:36:55'),
(1182, 516, '2022-05-25 12:36:55'),
(1183, 480, '2022-05-25 12:36:55'),
(1184, 543, '2022-05-25 12:36:55'),
(1185, 476, '2022-05-25 12:36:55'),
(1186, 513, '2022-05-25 12:36:55'),
(1187, 531, '2022-05-25 12:36:55'),
(1188, 522, '2022-05-25 12:36:55'),
(1189, 518, '2022-05-25 12:36:55'),
(1190, 540, '2022-05-25 12:36:55'),
(1191, 528, '2022-05-25 12:36:55'),
(1192, 531, '2022-05-25 12:36:56'),
(1193, 467, '2022-05-25 12:36:56'),
(1194, 544, '2022-05-25 12:36:56'),
(1195, 505, '2022-05-25 12:36:56'),
(1196, 519, '2022-05-25 12:36:56'),
(1197, 486, '2022-05-25 12:36:56'),
(1198, 551, '2022-05-25 12:36:56'),
(1199, 481, '2022-05-25 12:36:56'),
(1200, 546, '2022-05-25 12:36:56'),
(1201, 452, '2022-05-25 12:36:56'),
(1202, 600, '2022-05-25 12:36:56'),
(1203, 455, '2022-05-25 12:36:56'),
(1204, 521, '2022-05-25 12:36:56'),
(1205, 490, '2022-05-25 12:36:56'),
(1206, 543, '2022-05-25 12:36:57'),
(1207, 497, '2022-05-25 12:36:57'),
(1208, 563, '2022-05-25 12:36:57'),
(1209, 474, '2022-05-25 12:36:57'),
(1210, 540, '2022-05-25 12:36:57'),
(1211, 494, '2022-05-25 12:36:57'),
(1212, 542, '2022-05-25 12:36:57'),
(1213, 481, '2022-05-25 12:36:57'),
(1214, 538, '2022-05-25 12:36:57'),
(1215, 507, '2022-05-25 12:36:57'),
(1216, 527, '2022-05-25 12:36:57'),
(1217, 485, '2022-05-25 12:36:57'),
(1218, 537, '2022-05-25 12:36:58'),
(1219, 495, '2022-05-25 12:36:58'),
(1220, 536, '2022-05-25 12:36:58'),
(1221, 491, '2022-05-25 12:36:58'),
(1222, 533, '2022-05-25 12:36:58'),
(1223, 491, '2022-05-25 12:36:58'),
(1224, 542, '2022-05-25 12:36:58'),
(1225, 491, '2022-05-25 12:36:58'),
(1226, 534, '2022-05-25 12:36:58'),
(1227, 488, '2022-05-25 12:36:58'),
(1228, 533, '2022-05-25 12:36:59'),
(1229, 491, '2022-05-25 12:36:59'),
(1230, 536, '2022-05-25 12:36:59'),
(1231, 487, '2022-05-25 12:36:59'),
(1232, 546, '2022-05-25 12:36:59'),
(1233, 492, '2022-05-25 12:36:59');

-- --------------------------------------------------------

--
-- Table structure for table `patient_data`
--

CREATE TABLE `patient_data` (
  `id` int(11) NOT NULL,
  `patient_id` int(11) DEFAULT NULL,
  `sensor1` int(11) DEFAULT NULL,
  `sensor2` int(11) DEFAULT NULL,
  `date` datetime DEFAULT NULL
) ENGINE=InnoDB DEFAULT CHARSET=utf8mb4 COLLATE=utf8mb4_general_ci;

--
-- Dumping data for table `patient_data`
--

INSERT INTO `patient_data` (`id`, `patient_id`, `sensor1`, `sensor2`, `date`) VALUES
(1, 1, 99, 0, '2022-05-01 00:00:00'),
(2, 1, 88, 67, '2022-05-10 00:00:00'),
(3, 2, 90, 67, '2022-05-07 00:00:00'),
(4, 1, 90, 34, '2022-05-07 00:00:00'),
(6, 1, 45, 23, '2022-05-31 00:00:00'),
(7, 0, 32, 43, '2022-05-26 10:50:00'),
(8, 0, 28, 30, '2022-05-26 10:50:03'),
(9, 0, 34, 45, '2022-05-26 10:50:04'),
(10, 0, 34, 36, '2022-05-26 10:50:06'),
(11, 0, 42, 41, '2022-05-26 10:50:07'),
(12, 0, 8, 23, '2022-05-26 10:50:39'),
(13, 1, NULL, NULL, '2022-05-26 10:50:42'),
(14, 1, NULL, NULL, '2022-05-26 10:50:46'),
(15, 1, NULL, NULL, '2022-05-26 10:50:59'),
(16, 1, NULL, NULL, '2022-05-26 10:51:01'),
(17, 1, 30, 26, '2022-05-26 10:51:08'),
(18, 1, 37, 36, '2022-05-26 10:51:11'),
(19, 1, 4, 11, '2022-05-26 10:51:14'),
(20, 1, 25, 6, '2022-05-26 10:51:55'),
(21, 1, 35, 39, '2022-05-26 10:51:59'),
(22, 1, 24, 22, '2022-05-26 10:52:02'),
(23, 1, 32, 32, '2022-05-26 10:52:05'),
(24, 1, NULL, NULL, '2022-05-26 10:52:08'),
(25, 1, NULL, NULL, '2022-05-26 10:52:11'),
(26, 1, NULL, NULL, '2022-05-26 10:52:15'),
(27, 1, NULL, NULL, '2022-05-26 10:52:16'),
(28, 1, NULL, NULL, '2022-05-26 10:52:18'),
(29, 1, NULL, NULL, '2022-05-26 10:52:20'),
(30, 1, NULL, NULL, '2022-05-26 10:52:29'),
(31, 1, NULL, NULL, '2022-05-26 10:52:32'),
(32, 1, NULL, NULL, '2022-05-26 10:52:35'),
(33, 1, NULL, NULL, '2022-05-26 10:52:38'),
(34, 1, NULL, NULL, '2022-05-26 10:52:41'),
(35, 1, NULL, NULL, '2022-05-26 10:52:48'),
(36, 1, NULL, NULL, '2022-05-26 10:52:51'),
(37, 1, NULL, NULL, '2022-05-26 10:52:54'),
(38, 1, NULL, NULL, '2022-05-26 10:52:57'),
(39, 1, 25, 30, '2022-05-26 10:52:59'),
(40, 1, NULL, NULL, '2022-05-26 10:53:02'),
(41, 1, NULL, NULL, '2022-05-26 10:53:05'),
(42, 1, 21, 17, '2022-05-26 10:53:30'),
(43, 1, 59, 56, '2022-05-26 10:53:33'),
(44, 1, NULL, NULL, '2022-05-26 10:53:40'),
(45, 1, NULL, NULL, '2022-05-26 10:53:43'),
(46, 1, NULL, NULL, '2022-05-26 10:53:47'),
(47, 1, NULL, NULL, '2022-05-26 10:53:50'),
(48, 1, NULL, NULL, '2022-05-26 10:53:53'),
(49, 1, NULL, NULL, '2022-05-26 10:53:56'),
(50, 1, NULL, NULL, '2022-05-26 10:53:59'),
(51, 1, NULL, NULL, '2022-05-26 10:54:02'),
(52, 1, 21, 28, '2022-05-26 10:54:13'),
(53, 1, NULL, NULL, '2022-05-26 10:54:34'),
(54, 1, NULL, NULL, '2022-05-26 10:54:37'),
(55, 1, NULL, NULL, '2022-05-26 10:54:40'),
(56, 1, NULL, NULL, '2022-05-26 10:54:42'),
(57, 1, NULL, NULL, '2022-05-26 10:54:59'),
(58, 1, NULL, NULL, '2022-05-26 10:55:02'),
(59, 1, NULL, NULL, '2022-05-26 10:55:06'),
(60, 1, NULL, NULL, '2022-05-26 10:55:12'),
(61, 1, NULL, NULL, '2022-05-26 10:55:15'),
(62, 1, 36, 46, '2022-05-26 10:55:29'),
(63, 1, NULL, NULL, '2022-05-26 10:55:30'),
(64, 1, NULL, NULL, '2022-05-26 10:55:32'),
(65, 1, 39, 17, '2022-05-26 10:55:38'),
(66, 1, NULL, NULL, '2022-05-26 10:55:46'),
(67, 1, 26, 44, '2022-05-26 10:55:48'),
(68, 1, 47, 42, '2022-05-26 10:55:51'),
(69, 1, 25, 23, '2022-05-26 10:55:54'),
(70, 1, 30, 35, '2022-05-26 10:55:57'),
(71, 1, 29, 8, '2022-05-26 10:56:01'),
(72, 1, 17, 24, '2022-05-26 10:56:43'),
(73, 1, 30, 25, '2022-05-26 10:56:51'),
(74, 1, NULL, NULL, '2022-05-26 10:56:55'),
(75, 1, NULL, NULL, '2022-05-26 10:57:03'),
(76, 1, NULL, NULL, '2022-05-26 10:57:07'),
(77, 1, 14, 19, '2022-05-26 10:57:20'),
(78, 1, NULL, NULL, '2022-05-26 10:57:23'),
(79, 1, NULL, NULL, '2022-05-26 10:57:27'),
(80, 1, NULL, NULL, '2022-05-26 10:57:30'),
(81, 1, NULL, NULL, '2022-05-26 10:57:34'),
(82, 1, 10, 14, '2022-05-26 10:57:52'),
(83, 1, 40, 18, '2022-05-26 10:57:55'),
(84, 1, 36, 49, '2022-05-26 10:57:58'),
(85, 1, 32, 35, '2022-05-26 10:58:01'),
(86, 1, 24, 31, '2022-05-26 10:58:03'),
(87, 1, 26, 30, '2022-05-26 10:58:07'),
(88, 1, 33, 18, '2022-05-26 10:58:10'),
(89, 1, 33, 34, '2022-05-26 10:58:13'),
(90, 1, 34, 39, '2022-05-26 10:58:15'),
(91, 1, NULL, NULL, '2022-05-26 10:58:20'),
(92, 1, NULL, NULL, '2022-05-26 10:58:22'),
(93, 1, NULL, NULL, '2022-05-26 10:58:25'),
(94, 1, NULL, NULL, '2022-05-26 10:58:28'),
(95, 1, NULL, NULL, '2022-05-26 10:58:31'),
(96, 1, 28, 33, '2022-05-26 10:58:51'),
(97, 1, 29, 32, '2022-05-26 10:58:54'),
(98, 1, 20, 30, '2022-05-26 10:58:57'),
(99, 1, 37, 27, '2022-05-26 10:59:06'),
(100, 1, 31, 33, '2022-05-26 10:59:15'),
(101, 1, 22, 30, '2022-05-26 10:59:18'),
(102, 1, 73, 76, '2022-05-26 10:59:20'),
(103, 1, 26, 31, '2022-05-26 10:59:23'),
(104, 1, 39, 41, '2022-05-26 10:59:25'),
(105, 1, 26, 19, '2022-05-26 10:59:28'),
(106, 1, 36, 42, '2022-05-26 10:59:30'),
(107, 1, 32, 24, '2022-05-26 10:59:32'),
(108, 1, 28, 22, '2022-05-26 10:59:35'),
(109, 1, 27, 28, '2022-05-26 11:00:56'),
(110, 1, 34, 28, '2022-05-26 11:00:57'),
(111, 1, 34, 38, '2022-05-26 11:00:58'),
(112, 1, 45, 49, '2022-05-26 11:00:59'),
(113, 1, 35, 38, '2022-05-26 11:01:00'),
(114, 1, 34, 18, '2022-05-26 11:01:01'),
(115, 1, 16, 28, '2022-05-26 11:01:02'),
(116, 1, 13, 15, '2022-05-26 11:01:06'),
(117, 1, 41, 32, '2022-05-26 11:01:06'),
(118, 1, 28, 35, '2022-05-26 11:01:07'),
(119, 1, 35, 24, '2022-05-26 11:01:08'),
(120, 1, 20, 27, '2022-05-26 11:01:09'),
(121, 1, 30, 31, '2022-05-26 11:01:10'),
(122, 1, 31, 42, '2022-05-26 11:01:11'),
(123, 1, 48, 50, '2022-05-26 11:01:12'),
(124, 1, 42, 29, '2022-05-26 11:01:13'),
(125, 1, 20, 21, '2022-05-26 11:01:13'),
(126, 1, 15, 18, '2022-05-26 11:01:14'),
(127, 1, 19, 16, '2022-05-26 11:01:15'),
(128, 1, 24, 28, '2022-05-26 11:01:16'),
(129, 1, 31, 34, '2022-05-26 11:01:17'),
(130, 1, 49, 30, '2022-05-26 11:01:17'),
(131, 1, 23, 29, '2022-05-26 11:01:18'),
(132, 1, 59, 58, '2022-05-26 11:01:19'),
(133, 1, 23, 29, '2022-05-26 11:01:27'),
(134, 1, 21, 30, '2022-05-26 11:01:28'),
(135, 1, 27, 8, '2022-05-26 11:01:29'),
(136, 1, 16, 20, '2022-05-26 11:01:30'),
(137, 1, 28, 32, '2022-05-26 11:01:31'),
(138, 1, 30, 33, '2022-05-26 11:01:32'),
(139, 1, 53, 46, '2022-05-26 11:01:32'),
(140, 1, 47, 37, '2022-05-26 11:02:07'),
(141, 1, 24, 34, '2022-05-26 11:02:08'),
(142, 1, 26, 35, '2022-05-26 11:02:09'),
(143, 1, 24, 24, '2022-05-26 11:02:10'),
(144, 1, 30, 23, '2022-05-26 11:02:11'),
(145, 1, 21, 12, '2022-05-26 11:02:12'),
(146, 1, 14, 22, '2022-05-26 11:02:13'),
(147, 1, 22, 32, '2022-05-26 11:02:14'),
(148, 1, 22, 35, '2022-05-26 11:02:17'),
(149, 1, 31, 32, '2022-05-26 11:02:18'),
(150, 1, 33, 37, '2022-05-26 11:02:18'),
(151, 1, 43, 48, '2022-05-26 11:02:19'),
(152, 1, 62, 38, '2022-05-26 11:02:20'),
(153, 1, 34, 37, '2022-05-26 11:02:21'),
(154, 1, 41, 43, '2022-05-26 11:02:22'),
(155, 1, 33, 34, '2022-05-26 11:02:23'),
(156, 1, 21, 34, '2022-05-26 11:02:24'),
(157, 1, 41, 16, '2022-05-26 11:02:25'),
(158, 1, 21, 22, '2022-05-26 11:02:26'),
(159, 1, 21, 24, '2022-05-26 11:02:27'),
(160, 1, 37, 41, '2022-05-26 11:02:28'),
(161, 1, 59, 68, '2022-05-26 11:02:29'),
(162, 1, 40, 40, '2022-05-26 11:02:30'),
(163, 1, 43, 28, '2022-05-26 11:02:31'),
(164, 1, 27, 37, '2022-05-26 11:02:32'),
(165, 1, 23, 30, '2022-05-26 11:02:33'),
(166, 1, 20, 21, '2022-05-26 11:02:34'),
(167, 1, 19, 35, '2022-05-26 11:02:35'),
(168, 1, 33, 12, '2022-05-26 11:02:36'),
(169, 1, 18, 26, '2022-05-26 11:02:37'),
(170, 1, 25, 32, '2022-05-26 11:02:38'),
(171, 1, 29, 39, '2022-05-26 11:02:39'),
(172, 1, 43, 48, '2022-05-26 11:02:40'),
(173, 1, 41, 33, '2022-05-26 11:02:41'),
(174, 1, 22, 14, '2022-05-26 11:02:42'),
(175, 1, 12, 21, '2022-05-26 11:02:43'),
(176, 1, 30, 29, '2022-05-26 11:02:44'),
(177, 1, 51, 43, '2022-05-26 11:02:45'),
(178, 1, 36, 37, '2022-05-26 11:02:46'),
(179, 1, 43, 31, '2022-05-26 11:02:47'),
(180, 1, 25, 33, '2022-05-26 11:02:48'),
(181, 1, 23, 26, '2022-05-26 11:02:49'),
(182, 1, 25, 29, '2022-05-26 11:02:50'),
(183, 1, 23, 35, '2022-05-26 11:02:51'),
(184, 1, 39, 12, '2022-05-26 11:02:52'),
(185, 1, 37, 38, '2022-05-26 11:02:53'),
(186, 1, 35, 35, '2022-05-26 11:02:54'),
(187, 1, 50, 48, '2022-05-26 11:02:55'),
(188, 1, 39, 47, '2022-05-26 11:02:56'),
(189, 1, 40, 32, '2022-05-26 11:02:57'),
(190, 1, 20, 16, '2022-05-26 11:02:58'),
(191, 1, 18, 24, '2022-05-26 11:02:59'),
(192, 1, 20, 25, '2022-05-26 11:03:00'),
(193, 1, 25, 26, '2022-05-26 11:03:01'),
(194, 1, 35, 38, '2022-05-26 11:03:02'),
(195, 1, 37, 14, '2022-05-26 11:03:03'),
(196, 1, 22, 29, '2022-05-26 11:03:04'),
(197, 1, 33, 33, '2022-05-26 11:03:05'),
(198, 1, 37, 46, '2022-05-26 11:03:06'),
(199, 1, 41, 53, '2022-05-26 11:03:07'),
(200, 1, 37, 25, '2022-05-26 11:03:08'),
(201, 1, 11, 19, '2022-05-26 11:03:09'),
(202, 1, 16, 23, '2022-05-26 11:03:10'),
(203, 1, 35, 33, '2022-05-26 11:03:11'),
(204, 1, 22, 24, '2022-05-26 11:03:12'),
(205, 1, 32, 30, '2022-05-26 11:03:13'),
(206, 1, 32, 17, '2022-05-26 11:03:14'),
(207, 1, 28, 17, '2022-05-26 11:03:15'),
(208, 1, 40, 38, '2022-05-26 11:03:16'),
(209, 1, 32, 37, '2022-05-26 11:03:17'),
(210, 1, 34, 44, '2022-05-26 11:03:18'),
(211, 1, 45, 24, '2022-05-26 11:03:19'),
(212, 1, 20, 30, '2022-05-26 11:03:20'),
(213, 1, 28, 34, '2022-05-26 11:03:21'),
(214, 1, 21, 32, '2022-05-26 11:03:22'),
(215, 1, 35, 33, '2022-05-26 11:03:23'),
(216, 1, 32, 22, '2022-05-26 11:03:24'),
(217, 1, 29, 23, '2022-05-26 11:03:25'),
(218, 1, 29, 34, '2022-05-26 11:03:26'),
(219, 1, 28, 30, '2022-05-26 11:03:27'),
(220, 1, 35, 30, '2022-05-26 11:03:28'),
(221, 1, 50, 52, '2022-05-26 11:03:29'),
(222, 1, 47, 28, '2022-05-26 11:03:30'),
(223, 1, 40, 52, '2022-05-26 11:03:31'),
(224, 1, 38, 45, '2022-05-26 11:03:32'),
(225, 1, 28, 32, '2022-05-26 11:03:33'),
(226, 1, 24, 33, '2022-05-26 11:03:34'),
(227, 1, 31, 7, '2022-05-26 11:03:35'),
(228, 1, 16, 20, '2022-05-26 11:03:36'),
(229, 1, 21, 30, '2022-05-26 11:03:37'),
(230, 1, 28, 35, '2022-05-26 11:03:38'),
(231, 1, 35, 41, '2022-05-26 11:03:39'),
(232, 1, 45, 31, '2022-05-26 11:03:40'),
(233, 1, 32, 32, '2022-05-26 11:03:41'),
(234, 1, 26, 34, '2022-05-26 11:03:42'),
(235, 1, 43, 41, '2022-05-26 11:03:43'),
(236, 1, 24, 24, '2022-05-26 11:03:44'),
(237, 1, 30, 26, '2022-05-26 11:03:45'),
(238, 1, 42, 25, '2022-05-26 11:03:46'),
(239, 1, 21, 26, '2022-05-26 11:03:47'),
(240, 1, 39, 46, '2022-05-26 11:03:48'),
(241, 1, 34, 35, '2022-05-26 11:03:49'),
(242, 1, 39, 50, '2022-05-26 11:03:50'),
(243, 1, 44, 27, '2022-05-26 11:03:51'),
(244, 1, 32, 28, '2022-05-26 11:03:52'),
(245, 1, 19, 26, '2022-05-26 11:03:53'),
(246, 1, 26, 29, '2022-05-26 11:03:54'),
(247, 1, 51, 61, '2022-05-26 11:03:55'),
(248, 1, 38, 22, '2022-05-26 11:03:56'),
(249, 1, 25, 19, '2022-05-26 11:03:57'),
(250, 1, 24, 30, '2022-05-26 11:03:58'),
(251, 1, 30, 35, '2022-05-26 11:03:59'),
(252, 1, 42, 40, '2022-05-26 11:04:00'),
(253, 1, 35, 42, '2022-05-26 11:04:01'),
(254, 1, 34, 14, '2022-05-26 11:04:02'),
(255, 1, 24, 36, '2022-05-26 11:04:03'),
(256, 1, 46, 43, '2022-05-26 11:04:04'),
(257, 1, 42, 43, '2022-05-26 11:04:05'),
(258, 1, 34, 43, '2022-05-26 11:04:06'),
(259, 1, 49, 37, '2022-05-26 11:04:07'),
(260, 1, 27, 31, '2022-05-26 11:04:08'),
(261, 1, 29, 36, '2022-05-26 11:04:09'),
(262, 1, 23, 26, '2022-05-26 11:04:10'),
(263, 1, 22, 28, '2022-05-26 11:04:11'),
(264, 1, 30, 29, '2022-05-26 11:04:12'),
(265, 1, 28, 23, '2022-05-26 11:04:13'),
(266, 1, 13, 22, '2022-05-26 11:04:14'),
(267, 1, 29, 30, '2022-05-26 11:04:15'),
(268, 1, 43, 45, '2022-05-26 11:04:16'),
(269, 1, 37, 53, '2022-05-26 11:04:17'),
(270, 1, 45, 19, '2022-05-26 11:04:18'),
(271, 1, 49, 63, '2022-05-26 11:04:19'),
(272, 1, 57, 45, '2022-05-26 11:04:20'),
(273, 1, 27, 34, '2022-05-26 11:04:21'),
(274, 1, 55, 65, '2022-05-26 11:04:22'),
(275, 1, 62, 40, '2022-05-26 11:04:23'),
(276, 1, 26, 20, '2022-05-26 11:04:24'),
(277, 1, 60, 63, '2022-05-26 11:04:25'),
(278, 1, 48, 59, '2022-05-26 11:04:26'),
(279, 1, 35, 37, '2022-05-26 11:04:27'),
(280, 1, 40, 42, '2022-05-26 11:04:28'),
(281, 1, 46, 36, '2022-05-26 11:04:29'),
(282, 1, 42, 44, '2022-05-26 11:04:30'),
(283, 1, 27, 35, '2022-05-26 11:04:31'),
(284, 1, 35, 31, '2022-05-26 11:04:32'),
(285, 1, 27, 43, '2022-05-26 11:04:33'),
(286, 1, 34, 15, '2022-05-26 11:04:34'),
(287, 1, 21, 20, '2022-05-26 11:04:35'),
(288, 1, 16, 20, '2022-05-26 11:04:36'),
(289, 1, 18, 20, '2022-05-26 11:04:37'),
(290, 1, 42, 53, '2022-05-26 11:04:38'),
(291, 1, 33, 23, '2022-05-26 11:04:39'),
(292, 1, 37, 26, '2022-05-26 11:04:40'),
(293, 1, 16, 24, '2022-05-26 11:04:41'),
(294, 1, 26, 25, '2022-05-26 11:04:42'),
(295, 1, 49, 62, '2022-05-26 11:04:43'),
(296, 1, 29, 41, '2022-05-26 11:04:44'),
(297, 1, 37, 19, '2022-05-26 11:04:45'),
(298, 1, 32, 32, '2022-05-26 11:04:46'),
(299, 1, 38, 41, '2022-05-26 11:04:47'),
(300, 1, 35, 42, '2022-05-26 11:04:48'),
(301, 1, 39, 49, '2022-05-26 11:04:49'),
(302, 1, 45, 34, '2022-05-26 11:04:50'),
(303, 1, 22, 26, '2022-05-26 11:04:51'),
(304, 1, 22, 33, '2022-05-26 11:04:52'),
(305, 1, 22, 26, '2022-05-26 11:04:53'),
(306, 1, 22, 23, '2022-05-26 11:04:54'),
(307, 1, 58, 50, '2022-05-26 11:04:55'),
(308, 1, 33, 10, '2022-05-26 11:04:56'),
(309, 1, 21, 26, '2022-05-26 11:04:57'),
(310, 1, 33, 27, '2022-05-26 11:04:58'),
(311, 1, 33, 34, '2022-05-26 11:04:59'),
(312, 1, 34, 39, '2022-05-26 11:05:00'),
(313, 1, 39, 16, '2022-05-26 11:05:01'),
(314, 1, 23, 26, '2022-05-26 11:05:02'),
(315, 1, 32, 35, '2022-05-26 11:05:03'),
(316, 1, 41, 44, '2022-05-26 11:05:04'),
(317, 1, 41, 40, '2022-05-26 11:05:05'),
(318, 1, 34, 44, '2022-05-26 11:05:06'),
(319, 1, 29, 24, '2022-05-26 11:05:07'),
(320, 1, 15, 17, '2022-05-26 11:05:08'),
(321, 1, 12, 17, '2022-05-26 11:05:09'),
(322, 1, 22, 25, '2022-05-26 11:05:10'),
(323, 1, 31, 33, '2022-05-26 11:05:11'),
(324, 1, 35, 13, '2022-05-26 11:05:12'),
(325, 1, 18, 29, '2022-05-26 11:05:13'),
(326, 1, 32, 37, '2022-05-26 11:05:14'),
(327, 1, 49, 61, '2022-05-26 11:05:15'),
(328, 1, 40, 43, '2022-05-26 11:05:16'),
(329, 1, 30, 21, '2022-05-26 11:05:17'),
(330, 1, 18, 12, '2022-05-26 11:05:18'),
(331, 1, 25, 35, '2022-05-26 11:05:19'),
(332, 1, 25, 25, '2022-05-26 11:05:20'),
(333, 1, 30, 36, '2022-05-26 11:05:21'),
(334, 1, 36, 44, '2022-05-26 11:05:22'),
(335, 1, 47, 28, '2022-05-26 11:05:23'),
(336, 1, 15, 34, '2022-05-26 11:05:24'),
(337, 1, 19, 20, '2022-05-26 11:05:25'),
(338, 1, 26, 23, '2022-05-26 11:05:26'),
(339, 1, 60, 60, '2022-05-26 11:05:27'),
(340, 1, 23, 31, '2022-05-26 11:06:22'),
(341, 1, 18, 18, '2022-05-26 11:06:24'),
(342, 1, 18, 21, '2022-05-26 11:06:26'),
(343, 1, 11, 7, '2022-05-26 11:06:28'),
(344, 1, 38, 8, '2022-05-26 11:06:30'),
(345, 1, 32, 43, '2022-05-26 11:06:33'),
(346, 1, 30, 28, '2022-05-26 11:06:35'),
(347, 1, 52, 42, '2022-05-26 11:06:37'),
(348, 1, 34, 42, '2022-05-26 11:07:03'),
(349, 1, 58, 65, '2022-05-26 11:07:08'),
(350, 1, 45, 21, '2022-05-26 11:07:10'),
(351, 1, 33, 36, '2022-05-26 11:07:12'),
(352, 1, 52, 46, '2022-05-26 11:07:34'),
(353, 1, 34, 16, '2022-05-26 11:08:01'),
(354, 1, 36, 35, '2022-05-26 11:08:03'),
(355, 1, 31, 30, '2022-05-26 11:08:05'),
(356, 1, 38, 50, '2022-05-26 11:08:06'),
(357, 1, 26, 30, '2022-05-26 11:08:08'),
(358, 1, 38, 31, '2022-05-26 11:08:09'),
(359, 1, 28, 44, '2022-05-26 11:10:10'),
(360, 1, 33, 26, '2022-05-26 11:10:12'),
(361, 1, 24, 33, '2022-05-26 11:15:19'),
(362, 1, 24, 34, '2022-05-26 11:15:20'),
(363, 1, 58, 70, '2022-05-26 11:15:22'),
(364, 1, 33, 34, '2022-05-26 11:15:24'),
(365, 1, 24, 27, '2022-05-26 11:15:25'),
(366, 1, 13, 22, '2022-05-26 11:15:27'),
(367, 1, 14, 22, '2022-05-26 11:15:29'),
(368, 1, 48, 34, '2022-05-26 11:15:31'),
(369, 1, 22, 24, '2022-05-26 11:15:32'),
(370, 1, 33, 24, '2022-05-26 11:16:33'),
(371, 1, 43, 45, '2022-05-26 11:16:33'),
(372, 1, 28, 30, '2022-05-26 11:16:35'),
(373, 1, 37, 32, '2022-05-26 11:16:36'),
(374, 1, 28, 31, '2022-05-26 11:16:37'),
(375, 1, 23, 7, '2022-05-26 11:16:38'),
(376, 1, 5, 6, '2022-05-26 11:16:39'),
(377, 1, 9, 10, '2022-05-26 11:16:40'),
(378, 1, 37, 17, '2022-05-26 11:16:41'),
(379, 1, 30, 25, '2022-05-26 11:16:42'),
(380, 1, 42, 47, '2022-05-26 11:16:43'),
(381, 1, 26, 32, '2022-05-26 11:16:44'),
(382, 1, 41, 19, '2022-05-26 11:16:45'),
(383, 1, 24, 17, '2022-05-26 11:16:46'),
(384, 1, 16, 26, '2022-05-26 11:16:47'),
(385, 1, 19, 23, '2022-05-26 11:16:48'),
(386, 1, 11, 21, '2022-05-26 11:16:48'),
(387, 1, 28, 23, '2022-05-26 11:16:49'),
(388, 1, 35, 34, '2022-05-26 11:16:50'),
(389, 1, 32, 36, '2022-05-26 11:16:51'),
(390, 1, 49, 21, '2022-05-26 11:16:52'),
(391, 1, 6, 5, '2022-05-26 11:16:53'),
(392, 1, 3, 8, '2022-05-26 11:16:54'),
(393, 1, 14, 16, '2022-05-26 11:16:55'),
(394, 1, 21, 24, '2022-05-26 11:16:56'),
(395, 1, 28, 30, '2022-05-26 11:17:01'),
(396, 1, 39, 33, '2022-05-26 11:17:02'),
(397, 1, 30, 30, '2022-05-26 11:17:03'),
(398, 1, 21, 5, '2022-05-26 11:17:04'),
(399, 1, 3, 6, '2022-05-26 11:17:05'),
(400, 1, 15, 18, '2022-05-26 11:17:06'),
(401, 1, 15, 21, '2022-05-26 11:17:07'),
(402, 1, 26, 25, '2022-05-26 11:17:07'),
(403, 1, 40, 40, '2022-05-26 11:17:08'),
(404, 1, 22, 33, '2022-05-26 11:17:10'),
(405, 1, 16, 19, '2022-05-26 11:17:12'),
(406, 1, 11, 16, '2022-05-26 11:17:13'),
(407, 1, 21, 22, '2022-05-26 11:17:15'),
(408, 0, 22, 24, '2022-05-26 11:21:06'),
(409, 0, 16, 25, '2022-05-26 11:21:08'),
(410, 0, 29, 24, '2022-05-26 11:21:09'),
(411, 0, 27, 26, '2022-05-26 11:21:11'),
(412, 0, 0, 0, '2022-05-26 11:21:18'),
(413, 0, 0, 0, '2022-05-26 11:21:41'),
(414, 0, 0, 0, '2022-05-26 11:21:50'),
(415, 0, 10, 16, '2022-05-26 11:21:51'),
(416, 0, 0, 0, '2022-05-26 11:21:55'),
(417, 0, 16, 21, '2022-05-26 11:21:56'),
(418, 0, 0, 0, '2022-05-26 11:22:01'),
(419, 0, 0, 0, '2022-05-26 11:22:05'),
(420, 0, 0, 0, '2022-05-26 11:22:06'),
(421, 0, 0, 0, '2022-05-26 11:22:10'),
(422, 0, 31, 28, '2022-05-26 11:22:11'),
(423, 0, 0, 0, '2022-05-26 11:22:15'),
(424, 0, 0, 0, '2022-05-26 11:22:24'),
(425, 0, 39, 25, '2022-05-26 11:22:30'),
(426, 0, 0, 0, '2022-05-26 11:22:34'),
(427, 0, 31, 21, '2022-05-26 11:22:36'),
(428, 0, 0, 0, '2022-05-26 11:22:39'),
(429, 0, 30, 27, '2022-05-26 11:22:59'),
(430, 0, 30, 26, '2022-05-26 11:23:00'),
(431, 0, 0, 0, '2022-05-26 11:23:02'),
(432, 0, 46, 47, '2022-05-26 11:23:04'),
(433, 0, 32, 36, '2022-05-26 11:23:05'),
(434, 0, 0, 0, '2022-05-26 11:23:07'),
(435, 0, 0, 0, '2022-05-26 11:23:09'),
(436, 0, 22, 31, '2022-05-26 11:23:13'),
(437, 0, 0, 0, '2022-05-26 11:23:14'),
(438, 0, 0, 0, '2022-05-26 11:23:18'),
(439, 0, 67, 39, '2022-05-26 11:23:19'),
(440, 0, 41, 40, '2022-05-26 11:23:23'),
(441, 0, 0, 0, '2022-05-26 11:23:28'),
(442, 0, 41, 36, '2022-05-26 11:23:32'),
(443, 0, 32, 39, '2022-05-26 11:23:33'),
(444, 0, 0, 0, '2022-05-26 11:23:35'),
(445, 0, 7, 11, '2022-05-26 11:23:47'),
(446, 0, 11, 19, '2022-05-26 11:23:50'),
(447, 0, 6, 7, '2022-05-26 11:23:51'),
(448, 0, 9, 12, '2022-05-26 11:23:52'),
(449, 0, 9, 16, '2022-05-26 11:23:53'),
(450, 0, 6, 9, '2022-05-26 11:23:54'),
(451, 0, 9, 11, '2022-05-26 11:23:55'),
(452, 0, 1, 2, '2022-05-26 11:23:55'),
(453, 0, 0, 0, '2022-05-26 11:24:08'),
(454, 0, 25, 4, '2022-05-26 11:24:09'),
(455, 0, 0, 0, '2022-05-26 11:24:11'),
(456, 0, 0, 0, '2022-05-26 11:24:18'),
(457, 0, 0, 0, '2022-05-26 11:24:27'),
(458, 0, 0, 0, '2022-05-26 11:24:28'),
(459, 0, 14, 0, '2022-05-26 11:24:29'),
(460, 0, 0, 0, '2022-05-26 11:24:31'),
(461, 0, 4, 20, '2022-05-26 11:24:45'),
(462, 0, 0, 0, '2022-05-26 11:24:48'),
(463, 0, 0, 0, '2022-05-26 11:24:52'),
(464, 0, 0, 0, '2022-05-26 11:25:00'),
(465, 0, 18, 0, '2022-05-26 11:25:05'),
(466, 0, 42, 10, '2022-05-26 11:25:06'),
(467, 0, 0, 0, '2022-05-26 11:25:09'),
(468, 0, 34, 44, '2022-05-26 11:25:12'),
(469, 0, 0, 0, '2022-05-26 11:25:13'),
(470, 0, 54, 33, '2022-05-26 11:25:15'),
(471, 0, 28, 34, '2022-05-26 11:25:16'),
(472, 0, 0, 0, '2022-05-26 11:25:18'),
(473, 0, 0, 0, '2022-05-26 11:25:20'),
(474, 0, 46, 36, '2022-05-26 11:25:25'),
(475, 0, 0, 0, '2022-05-26 11:25:26'),
(476, 0, 0, 0, '2022-05-26 11:25:29'),
(477, 0, 26, 33, '2022-05-26 11:25:31'),
(478, 0, 24, 31, '2022-05-26 11:25:35'),
(479, 0, 0, 0, '2022-05-26 11:25:36'),
(480, 0, 32, 33, '2022-05-26 11:25:38'),
(481, 0, 31, 38, '2022-05-26 11:25:40'),
(482, 0, 40, 63, '2022-05-26 11:25:42'),
(483, 0, 34, 36, '2022-05-26 11:25:43'),
(484, 0, 38, 37, '2022-05-26 11:25:45'),
(485, 0, 43, 48, '2022-05-26 11:25:46'),
(486, 0, 27, 33, '2022-05-26 11:25:48'),
(487, 0, 24, 27, '2022-05-26 11:25:49'),
(488, 0, 61, 57, '2022-05-26 11:25:51'),
(489, 0, 54, 60, '2022-05-26 11:25:51'),
(490, 0, 54, 60, '2022-05-26 11:25:52'),
(491, 0, 47, 48, '2022-05-26 11:25:53'),
(492, 0, 53, 55, '2022-05-26 11:25:54'),
(493, 0, 22, 29, '2022-05-26 11:25:56'),
(494, 0, 0, 0, '2022-05-26 11:25:57'),
(495, 0, 51, 54, '2022-05-26 11:26:01'),
(496, 0, 0, 0, '2022-05-26 11:26:02'),
(497, 0, 0, 0, '2022-05-26 11:26:05'),
(498, 0, 40, 39, '2022-05-26 11:26:07'),
(499, 0, 37, 19, '2022-05-26 11:26:09'),
(500, 0, 0, 0, '2022-05-26 11:26:10'),
(501, 0, 43, 42, '2022-05-26 11:26:12'),
(502, 0, 0, 0, '2022-05-26 11:26:13'),
(503, 0, 0, 0, '2022-05-26 11:26:17'),
(504, 0, 0, 0, '2022-05-26 11:26:22'),
(505, 0, 0, 0, '2022-05-26 11:26:26'),
(506, 0, 14, 20, '2022-05-26 11:26:28'),
(507, 0, 12, 19, '2022-05-26 11:26:29'),
(508, 1, 0, 0, '2022-05-26 11:26:31'),
(509, 1, 32, 25, '2022-05-26 11:26:33'),
(510, 1, 29, 37, '2022-05-26 11:26:34'),
(511, 1, 0, 0, '2022-05-26 11:26:37'),
(512, 1, 0, 0, '2022-05-26 11:26:38'),
(513, 1, 0, 0, '2022-05-26 11:26:42'),
(514, 1, 0, 0, '2022-05-26 11:26:44'),
(515, 1, 27, 32, '2022-05-26 11:26:48'),
(516, 1, 0, 0, '2022-05-26 11:26:49'),
(517, 1, 0, 0, '2022-05-26 11:26:53'),
(518, 1, 0, 0, '2022-05-26 11:26:54'),
(519, 1, 0, 0, '2022-05-26 11:26:57'),
(520, 1, 21, 41, '2022-05-26 11:26:58'),
(521, 1, 0, 0, '2022-05-26 11:26:59'),
(522, 1, 0, 0, '2022-05-26 11:27:03'),
(523, 1, 0, 0, '2022-05-26 11:27:06'),
(524, 1, 0, 0, '2022-05-26 11:27:09'),
(525, 1, 0, 0, '2022-05-26 11:27:13'),
(526, 1, 0, 0, '2022-05-26 11:27:20'),
(527, 1, 27, 29, '2022-05-26 11:27:23'),
(528, 1, 31, 31, '2022-05-26 11:27:24'),
(529, 1, 31, 31, '2022-05-26 11:27:26'),
(530, 1, 29, 27, '2022-05-26 11:27:27'),
(531, 1, 0, 0, '2022-05-26 11:27:32'),
(532, 1, 43, 20, '2022-05-26 11:27:34'),
(533, 1, 0, 0, '2022-05-26 11:27:35'),
(534, 1, 37, 49, '2022-05-26 11:27:37'),
(535, 1, 12, 16, '2022-05-26 11:27:38'),
(536, 1, 0, 0, '2022-05-26 11:27:41'),
(537, 1, 0, 0, '2022-05-26 11:27:43'),
(538, 1, 34, 42, '2022-05-26 11:27:47'),
(539, 1, 0, 0, '2022-05-26 11:27:48'),
(540, 1, 0, 0, '2022-05-26 11:27:52'),
(541, 1, 0, 0, '2022-05-26 11:27:56'),
(542, 1, 0, 0, '2022-05-26 11:27:57'),
(543, 1, 0, 0, '2022-05-26 11:28:08'),
(544, 1, 0, 0, '2022-05-26 11:28:11'),
(545, 1, 0, 0, '2022-05-26 11:28:15'),
(546, 1, 17, 4, '2022-05-26 11:28:24'),
(547, 1, 0, 0, '2022-05-26 11:28:28'),
(548, 1, 13, 12, '2022-05-26 11:28:31'),
(549, 1, 4, 13, '2022-05-26 11:28:32'),
(550, 1, 21, 22, '2022-05-26 11:28:35'),
(551, 1, 0, 0, '2022-05-26 11:28:38'),
(552, 1, 0, 0, '2022-05-26 11:28:40'),
(553, 1, 0, 0, '2022-05-26 11:28:45'),
(554, 1, 16, 21, '2022-05-26 11:28:47'),
(555, 1, 0, 0, '2022-05-26 11:28:49'),
(556, 1, 16, 18, '2022-05-26 11:28:56'),
(557, 1, 0, 0, '2022-05-26 11:28:57'),
(558, 1, 30, 28, '2022-05-26 11:29:01'),
(559, 0, 0, 0, '2022-05-26 11:29:11'),
(560, 0, 0, 0, '2022-05-26 11:29:26'),
(561, 0, 28, 27, '2022-05-26 11:29:29'),
(562, 0, 15, 25, '2022-05-26 11:29:30'),
(563, 0, 17, 0, '2022-05-26 11:29:31'),
(564, 0, 0, 0, '2022-05-26 11:29:32'),
(565, 0, 0, 1, '2022-05-26 11:29:33'),
(566, 0, 0, 3, '2022-05-26 11:29:34'),
(567, 0, 4, 1, '2022-05-26 11:29:35'),
(568, 0, 0, 5, '2022-05-26 11:29:37'),
(569, 0, 0, 0, '2022-05-26 11:29:45'),
(570, 0, 0, 0, '2022-05-26 11:29:49'),
(571, 0, 6, 6, '2022-05-26 11:29:57'),
(572, 0, 15, 21, '2022-05-26 11:30:19'),
(573, 0, 17, 17, '2022-05-26 11:30:20'),
(574, 0, 13, 12, '2022-05-26 11:30:21'),
(575, 0, 0, 0, '2022-05-26 11:30:38'),
(576, 0, 6, 8, '2022-05-26 11:30:45'),
(577, 0, 0, 0, '2022-05-26 11:31:01'),
(578, 0, 17, 23, '2022-05-26 11:31:08'),
(579, 0, 12, 0, '2022-05-26 11:31:17'),
(580, 0, 5, 4, '2022-05-26 11:31:30'),
(581, 0, 0, 0, '2022-05-26 11:31:37'),
(582, 0, 0, 0, '2022-05-26 11:31:38'),
(583, 0, 0, 0, '2022-05-26 11:31:49'),
(584, 1, 0, 0, '2022-05-26 11:32:08'),
(585, 1, 15, 0, '2022-05-26 11:32:33'),
(586, 1, 19, 25, '2022-05-26 11:32:39'),
(587, 1, 0, 0, '2022-05-26 11:32:44'),
(588, 1, 10, 0, '2022-05-26 11:32:56'),
(589, 1, 12, 14, '2022-05-26 11:33:00'),
(590, 1, 0, 0, '2022-05-26 11:33:07'),
(591, 1, 0, 0, '2022-05-26 11:33:10'),
(592, 1, 4, 6, '2022-05-26 11:33:14'),
(593, 1, 0, 0, '2022-05-26 11:33:21'),
(594, 1, 0, 0, '2022-05-26 11:33:34'),
(595, 1, 0, 0, '2022-05-26 11:33:46'),
(596, 1, 12, 3, '2022-05-26 11:34:11'),
(597, 1, 0, 0, '2022-05-26 11:34:35'),
(598, 1, 0, 0, '2022-05-26 11:35:11'),
(599, 1, 0, 0, '2022-05-26 11:35:14'),
(600, 1, 0, 0, '2022-05-26 11:35:16'),
(601, 1, 16, 0, '2022-05-26 11:35:32'),
(602, 1, 5, 1, '2022-05-26 11:35:46'),
(603, 1, 0, 0, '2022-05-26 11:35:50'),
(604, 1, 0, 0, '2022-05-26 11:36:18'),
(605, 1, 13, 20, '2022-05-26 11:36:33'),
(606, 1, 0, 0, '2022-05-26 11:36:37'),
(607, 1, 0, 0, '2022-05-26 11:36:56'),
(608, 1, 19, 20, '2022-05-26 11:37:16'),
(609, 1, 11, 14, '2022-05-26 11:37:17'),
(610, 1, 0, 0, '2022-05-26 11:37:19'),
(611, 1, 16, 21, '2022-05-26 11:37:20'),
(612, 1, 12, 18, '2022-05-26 11:37:21'),
(613, 1, 0, 0, '2022-05-26 11:37:26'),
(614, 1, 0, 0, '2022-05-26 11:37:31'),
(615, 1, 43, 19, '2022-05-26 11:37:36'),
(616, 1, 0, 0, '2022-05-26 11:37:36'),
(617, 1, 0, 0, '2022-05-26 11:37:40'),
(618, 1, 30, 24, '2022-05-26 11:37:42'),
(619, 1, 5, 11, '2022-05-26 11:37:43'),
(620, 1, 0, 0, '2022-05-26 11:37:45'),
(621, 1, 22, 18, '2022-05-26 11:37:47'),
(622, 1, 15, 22, '2022-05-26 11:37:49'),
(623, 1, 0, 0, '2022-05-26 11:37:50'),
(624, 1, 23, 29, '2022-05-26 11:37:52'),
(625, 1, 0, 0, '2022-05-26 11:37:52'),
(626, 1, 0, 0, '2022-05-26 11:37:57'),
(627, 1, 0, 0, '2022-05-26 11:38:02'),
(628, 1, 0, 0, '2022-05-26 11:38:06'),
(629, 1, 0, 0, '2022-05-26 11:38:10'),
(630, 1, 0, 0, '2022-05-26 11:38:12'),
(631, 1, 0, 0, '2022-05-26 11:38:15'),
(632, 1, 20, 14, '2022-05-26 11:38:17'),
(633, 1, 0, 0, '2022-05-26 11:38:18'),
(634, 1, 0, 0, '2022-05-26 11:38:25'),
(635, 1, 45, 34, '2022-05-26 11:38:27'),
(636, 1, 0, 0, '2022-05-26 11:38:31'),
(637, 1, 0, 0, '2022-05-26 11:38:35'),
(638, 1, 0, 0, '2022-05-26 11:38:40'),
(639, 1, 0, 0, '2022-05-26 11:38:45'),
(640, 1, 0, 0, '2022-05-26 11:38:50'),
(641, 1, 25, 8, '2022-05-26 11:38:57'),
(642, 1, 0, 0, '2022-05-26 11:39:00'),
(643, 1, 22, 21, '2022-05-26 11:39:02'),
(644, 1, 18, 16, '2022-05-26 11:39:03'),
(645, 1, 16, 17, '2022-05-26 11:39:04'),
(646, 1, 47, 46, '2022-05-26 11:39:05'),
(647, 1, 17, 14, '2022-05-26 11:39:06'),
(648, 1, 33, 29, '2022-05-26 11:39:07'),
(649, 1, 0, 0, '2022-05-26 11:39:10'),
(650, 1, 18, 12, '2022-05-26 11:39:12'),
(651, 1, 0, 0, '2022-05-26 11:39:13'),
(652, 1, 0, 0, '2022-05-26 11:39:17'),
(653, 1, 0, 0, '2022-05-26 11:39:21'),
(654, 1, 3, 12, '2022-05-26 11:39:32'),
(655, 1, 0, 0, '2022-05-26 11:39:34'),
(656, 1, 34, 29, '2022-05-26 11:39:37'),
(657, 1, 0, 0, '2022-05-26 11:39:38'),
(658, 1, 15, 14, '2022-05-26 11:39:40'),
(659, 1, 13, 23, '2022-05-26 11:39:41'),
(660, 1, 0, 0, '2022-05-26 11:39:44'),
(661, 1, 0, 0, '2022-05-26 11:39:45'),
(662, 1, 0, 0, '2022-05-26 11:39:50'),
(663, 1, 14, 23, '2022-05-26 11:39:51'),
(664, 1, 0, 0, '2022-05-26 11:39:54'),
(665, 1, 29, 33, '2022-05-26 11:39:56'),
(666, 1, 0, 0, '2022-05-26 11:39:59'),
(667, 1, 20, 23, '2022-05-26 11:40:01'),
(668, 1, 0, 0, '2022-05-26 11:40:02'),
(669, 1, 0, 0, '2022-05-26 11:40:04'),
(670, 1, 31, 17, '2022-05-26 11:40:06'),
(671, 1, 28, 28, '2022-05-26 11:40:07'),
(672, 1, 0, 0, '2022-05-26 11:40:09'),
(673, 1, 0, 0, '2022-05-26 11:40:11'),
(674, 1, 24, 26, '2022-05-26 11:40:16'),
(675, 1, 0, 0, '2022-05-26 11:40:17'),
(676, 1, 0, 0, '2022-05-26 11:40:21'),
(677, 1, 0, 0, '2022-05-26 11:40:25'),
(678, 1, 25, 9, '2022-05-26 11:40:28'),
(679, 1, 10, 16, '2022-05-26 11:40:29'),
(680, 1, 0, 0, '2022-05-26 11:40:31'),
(681, 1, 22, 27, '2022-05-26 11:40:32'),
(682, 1, 31, 24, '2022-05-26 11:40:34'),
(683, 1, 0, 0, '2022-05-26 11:40:36'),
(684, 1, 0, 0, '2022-05-26 11:40:38'),
(685, 1, 0, 0, '2022-05-26 11:40:40'),
(686, 1, 0, 0, '2022-05-26 11:40:51'),
(687, 1, 0, 0, '2022-05-26 11:40:55'),
(688, 1, 0, 0, '2022-05-26 11:40:56'),
(689, 1, 2, 21, '2022-05-26 11:40:57'),
(690, 1, 0, 0, '2022-05-26 11:41:00'),
(691, 1, 0, 0, '2022-05-26 11:41:01'),
(692, 1, 52, 28, '2022-05-26 11:41:02'),
(693, 1, 30, 24, '2022-05-26 11:41:06'),
(694, 1, 0, 0, '2022-05-26 11:41:11'),
(695, 1, 0, 0, '2022-05-26 11:41:11'),
(696, 1, 4, 7, '2022-05-26 11:41:12'),
(697, 1, 0, 0, '2022-05-26 11:41:14'),
(698, 1, 0, 0, '2022-05-26 11:41:20'),
(699, 1, 0, 0, '2022-05-26 11:41:29'),
(700, 1, 0, 0, '2022-05-26 11:41:34'),
(701, 1, 8, 11, '2022-05-26 11:41:35'),
(702, 1, 0, 0, '2022-05-26 11:41:39'),
(703, 1, 19, 18, '2022-05-26 11:41:41'),
(704, 1, 0, 0, '2022-05-26 11:41:44'),
(705, 1, 24, 7, '2022-05-26 11:41:52'),
(706, 1, 27, 10, '2022-05-26 11:41:53'),
(707, 1, 0, 0, '2022-05-26 11:41:55'),
(708, 1, 19, 15, '2022-05-26 11:41:56'),
(709, 1, 7, 7, '2022-05-26 11:41:57'),
(710, 1, 20, 10, '2022-05-26 11:41:58'),
(711, 1, 32, 16, '2022-05-26 11:41:59'),
(712, 1, 36, 37, '2022-05-26 11:42:00'),
(713, 1, 17, 21, '2022-05-26 11:42:03'),
(714, 1, 0, 0, '2022-05-26 11:42:09'),
(715, 1, 11, 13, '2022-05-26 11:42:15'),
(716, 1, 14, 16, '2022-05-26 11:42:16'),
(717, 1, 35, 21, '2022-05-26 11:42:19'),
(718, 1, 11, 23, '2022-05-26 11:42:20'),
(719, 1, 16, 22, '2022-05-26 11:42:21'),
(720, 1, 0, 0, '2022-05-26 11:42:23'),
(721, 1, 16, 8, '2022-05-26 11:42:28'),
(722, 1, 0, 0, '2022-05-26 11:42:28'),
(723, 1, 0, 0, '2022-05-26 11:42:31'),
(724, 1, 0, 0, '2022-05-26 11:42:39'),
(725, 1, 0, 0, '2022-05-26 11:42:49'),
(726, 1, 13, 18, '2022-05-26 11:42:51'),
(727, 1, 0, 0, '2022-05-26 11:42:53'),
(728, 1, 0, 0, '2022-05-26 11:42:58'),
(729, 1, 0, 0, '2022-05-26 11:43:00'),
(730, 1, 0, 0, '2022-05-26 11:43:03'),
(731, 1, 0, 0, '2022-05-26 11:43:08'),
(732, 1, 0, 0, '2022-05-26 11:43:12'),
(733, 1, 26, 8, '2022-05-26 11:43:14'),
(734, 1, 31, 13, '2022-05-26 11:43:16'),
(735, 1, 0, 0, '2022-05-26 11:43:17'),
(736, 1, 13, 16, '2022-05-26 11:43:19'),
(737, 1, 0, 0, '2022-05-26 11:43:22'),
(738, 1, 0, 0, '2022-05-26 11:43:24'),
(739, 1, 12, 19, '2022-05-26 11:43:29'),
(740, 1, 0, 0, '2022-05-26 11:43:29'),
(741, 1, 0, 0, '2022-05-26 11:43:33'),
(742, 1, 21, 17, '2022-05-26 11:43:36'),
(743, 1, 0, 0, '2022-05-26 11:43:38'),
(744, 1, 33, 39, '2022-05-26 11:43:40'),
(745, 1, 0, 0, '2022-05-26 11:43:43'),
(746, 1, 0, 0, '2022-05-26 11:43:45'),
(747, 1, 0, 0, '2022-05-26 11:43:48'),
(748, 1, 30, 36, '2022-05-26 11:43:50'),
(749, 1, 28, 37, '2022-05-26 11:43:50'),
(750, 1, 0, 0, '2022-05-26 11:44:00'),
(751, 1, 19, 16, '2022-05-26 11:44:03'),
(752, 1, 0, 0, '2022-05-26 11:44:04'),
(753, 1, 0, 0, '2022-05-26 11:44:09'),
(754, 1, 21, 11, '2022-05-26 11:44:11'),
(755, 1, 31, 20, '2022-05-26 11:44:15'),
(756, 1, 20, 21, '2022-05-26 11:44:17'),
(757, 1, 0, 0, '2022-05-26 11:44:18'),
(758, 1, 0, 0, '2022-05-26 11:44:20'),
(759, 1, 13, 12, '2022-05-26 11:44:25'),
(760, 1, 24, 26, '2022-05-26 11:44:28'),
(761, 1, 0, 0, '2022-05-26 11:44:29'),
(762, 1, 41, 24, '2022-05-26 11:44:31'),
(763, 1, 0, 0, '2022-05-26 11:44:35'),
(764, 1, 0, 0, '2022-05-26 11:44:41'),
(765, 1, 0, 0, '2022-05-26 11:44:44'),
(766, 1, 28, 11, '2022-05-26 11:44:46'),
(767, 1, 30, 30, '2022-05-26 11:44:47'),
(768, 1, 0, 0, '2022-05-26 11:44:49'),
(769, 1, 15, 17, '2022-05-26 11:44:51'),
(770, 1, 0, 0, '2022-05-26 11:44:51'),
(771, 1, 19, 11, '2022-05-26 11:44:56'),
(772, 1, 0, 0, '2022-05-26 11:44:57'),
(773, 1, 0, 0, '2022-05-26 11:45:00'),
(774, 1, 16, 17, '2022-05-26 11:45:02'),
(775, 1, 0, 0, '2022-05-26 11:45:06'),
(776, 1, 0, 0, '2022-05-26 11:45:10'),
(777, 1, 0, 0, '2022-05-26 11:45:15'),
(778, 1, 0, 0, '2022-05-26 11:45:16'),
(779, 1, 19, 29, '2022-05-26 11:45:21'),
(780, 1, 0, 0, '2022-05-26 11:45:21'),
(781, 1, 0, 0, '2022-05-26 11:45:26'),
(782, 1, 0, 0, '2022-05-26 11:45:31'),
(783, 1, 30, 27, '2022-05-26 11:45:32'),
(784, 1, 0, 0, '2022-05-26 11:45:36'),
(785, 1, 10, 12, '2022-05-26 11:45:37'),
(786, 1, 30, 12, '2022-05-26 11:45:41'),
(787, 1, 0, 0, '2022-05-26 11:45:42'),
(788, 1, 0, 0, '2022-05-26 11:45:46'),
(789, 1, 0, 0, '2022-05-26 11:45:47'),
(790, 1, 0, 0, '2022-05-26 11:45:51'),
(791, 1, 0, 0, '2022-05-26 11:45:56'),
(792, 1, 0, 0, '2022-05-26 11:45:58'),
(793, 1, 0, 0, '2022-05-26 11:46:00'),
(794, 1, 12, 14, '2022-05-26 11:46:02'),
(795, 1, 0, 0, '2022-05-26 11:46:03'),
(796, 1, 0, 0, '2022-05-26 11:46:06'),
(797, 1, 0, 0, '2022-05-26 11:46:07'),
(798, 1, 39, 41, '2022-05-26 11:46:08'),
(799, 1, 0, 0, '2022-05-26 11:46:12'),
(800, 1, 15, 14, '2022-05-26 11:46:13'),
(801, 1, 0, 0, '2022-05-26 11:46:15'),
(802, 1, 0, 0, '2022-05-26 11:46:19'),
(803, 1, 0, 0, '2022-05-26 11:46:24'),
(804, 1, 21, 19, '2022-05-26 11:46:26'),
(805, 1, 37, 24, '2022-05-26 11:46:27'),
(806, 1, 0, 0, '2022-05-26 11:46:28'),
(807, 1, 12, 11, '2022-05-26 11:46:30'),
(808, 1, 0, 0, '2022-05-26 11:46:32'),
(809, 1, 23, 23, '2022-05-26 11:46:33'),
(810, 1, 29, 26, '2022-05-26 11:46:35'),
(811, 1, 0, 0, '2022-05-26 11:46:37'),
(812, 1, 21, 14, '2022-05-26 11:46:38'),
(813, 1, 0, 0, '2022-05-26 11:46:50'),
(814, 1, 25, 31, '2022-05-26 11:46:52'),
(815, 1, 4, 7, '2022-05-26 11:46:54'),
(816, 1, 33, 19, '2022-05-26 11:46:59'),
(817, 1, 21, 19, '2022-05-26 11:47:01'),
(818, 1, 15, 18, '2022-05-26 11:47:02'),
(819, 1, 23, 16, '2022-05-26 11:47:03'),
(820, 1, 0, 0, '2022-05-26 11:47:07'),
(821, 1, 0, 0, '2022-05-26 11:47:11'),
(822, 1, 22, 26, '2022-05-26 11:47:13'),
(823, 1, 0, 0, '2022-05-26 11:47:22'),
(824, 1, 0, 0, '2022-05-26 11:47:27'),
(825, 1, 0, 0, '2022-05-26 11:47:30'),
(826, 1, 17, 28, '2022-05-26 11:47:31'),
(827, 1, 0, 0, '2022-05-26 11:47:32'),
(828, 1, 0, 0, '2022-05-26 11:47:45'),
(829, 1, 23, 23, '2022-05-26 11:47:46'),
(830, 1, 0, 0, '2022-05-26 11:47:50'),
(831, 1, 14, 4, '2022-05-26 11:47:51'),
(832, 1, 21, 14, '2022-05-26 11:47:53'),
(833, 1, 0, 0, '2022-05-26 11:47:55'),
(834, 1, 31, 30, '2022-05-26 11:47:56'),
(835, 1, 0, 0, '2022-05-26 11:48:00'),
(836, 1, 8, 18, '2022-05-26 11:48:01'),
(837, 1, 0, 0, '2022-05-26 11:48:03'),
(838, 1, 0, 0, '2022-05-26 11:48:06'),
(839, 1, 0, 0, '2022-05-26 11:48:11'),
(840, 1, 13, 13, '2022-05-26 11:48:16'),
(841, 1, 0, 0, '2022-05-26 11:48:18'),
(842, 1, 23, 22, '2022-05-26 11:48:20'),
(843, 1, 0, 0, '2022-05-26 11:48:21'),
(844, 1, 0, 0, '2022-05-26 11:48:26'),
(845, 1, 0, 0, '2022-05-26 11:48:31'),
(846, 1, 32, 30, '2022-05-26 11:48:51'),
(847, 1, 37, 26, '2022-05-26 11:48:59'),
(848, 1, 33, 36, '2022-05-26 11:49:12'),
(849, 1, 43, 28, '2022-05-26 11:49:17'),
(850, 1, 0, 0, '2022-05-26 11:49:20'),
(851, 1, 0, 0, '2022-05-26 11:49:22'),
(852, 1, 21, 22, '2022-05-26 11:49:24'),
(853, 1, 21, 25, '2022-05-26 11:49:24'),
(854, 1, 0, 0, '2022-05-26 11:49:27'),
(855, 1, 0, 0, '2022-05-26 11:49:32'),
(856, 1, 0, 0, '2022-05-26 11:49:36'),
(857, 1, 12, 10, '2022-05-26 11:49:42'),
(858, 1, 28, 12, '2022-05-26 11:49:43'),
(859, 1, 0, 0, '2022-05-26 11:49:45'),
(860, 1, 22, 27, '2022-05-26 11:49:47'),
(861, 1, 0, 0, '2022-05-26 11:49:47'),
(862, 1, 0, 0, '2022-05-26 11:49:52'),
(863, 1, 20, 19, '2022-05-26 11:49:59'),
(864, 1, 36, 37, '2022-05-26 11:50:01'),
(865, 1, 29, 32, '2022-05-26 11:50:07'),
(866, 1, 27, 47, '2022-05-26 11:50:08'),
(867, 1, 44, 35, '2022-05-26 11:50:08'),
(868, 1, 22, 28, '2022-05-26 11:50:09'),
(869, 1, 0, 7, '2022-05-26 11:50:11'),
(870, 1, 11, 6, '2022-05-26 11:50:11'),
(871, 1, 19, 4, '2022-05-26 11:50:12'),
(872, 1, 0, 0, '2022-05-26 11:50:25'),
(873, 1, 21, 4, '2022-05-26 11:50:26'),
(874, 1, 0, 0, '2022-05-26 11:50:28'),
(875, 1, 22, 23, '2022-05-26 11:50:30'),
(876, 1, 0, 0, '2022-05-26 11:50:33'),
(877, 1, 0, 0, '2022-05-26 11:50:35'),
(878, 1, 0, 0, '2022-05-26 11:50:38'),
(879, 1, 0, 0, '2022-05-26 11:50:40'),
(880, 1, 0, 0, '2022-05-26 11:50:45'),
(881, 1, 19, 2, '2022-05-26 11:50:51'),
(882, 1, 48, 42, '2022-05-26 11:50:58'),
(883, 1, 0, 0, '2022-05-26 11:51:00'),
(884, 1, 0, 0, '2022-05-26 11:51:02'),
(885, 1, 14, 24, '2022-05-26 11:51:04'),
(886, 1, 0, 0, '2022-05-26 11:51:07'),
(887, 1, 26, 16, '2022-05-26 11:51:20'),
(888, 1, 30, 30, '2022-05-26 11:51:20'),
(889, 1, 23, 21, '2022-05-26 11:51:30'),
(890, 1, 24, 30, '2022-05-26 11:51:32'),
(891, 1, 25, 18, '2022-05-26 11:51:34'),
(892, 1, 16, 20, '2022-05-26 11:51:37'),
(893, 1, 22, 22, '2022-05-26 11:51:38'),
(894, 1, 33, 12, '2022-05-26 11:51:39'),
(895, 1, 0, 0, '2022-05-26 11:51:46'),
(896, 1, 20, 17, '2022-05-26 11:51:59'),
(897, 1, 0, 0, '2022-05-26 11:52:01'),
(898, 1, 15, 14, '2022-05-26 11:52:03'),
(899, 1, 10, 11, '2022-05-26 11:52:05'),
(900, 1, 0, 0, '2022-05-26 11:52:06'),
(901, 1, 12, 24, '2022-05-26 11:52:08'),
(902, 1, 0, 0, '2022-05-26 11:52:09'),
(903, 1, 0, 0, '2022-05-26 11:52:13'),
(904, 1, 17, 20, '2022-05-26 11:52:18'),
(905, 1, 24, 15, '2022-05-26 11:52:20'),
(906, 0, 0, 0, '2022-05-26 11:53:02'),
(907, 1, 13, 18, '2022-05-26 11:53:07'),
(908, 1, 15, 22, '2022-05-26 11:53:08'),
(909, 1, 0, 0, '2022-05-26 11:53:10'),
(910, 1, 14, 17, '2022-05-26 11:53:12'),
(911, 1, 0, 0, '2022-05-26 11:53:16'),
(912, 1, 0, 0, '2022-05-26 11:53:18'),
(913, 1, 30, 24, '2022-05-26 11:53:19'),
(914, 1, 8, 11, '2022-05-26 11:53:24'),
(915, 1, 14, 11, '2022-05-26 11:53:25'),
(916, 1, 28, 22, '2022-05-26 11:53:26'),
(917, 1, 17, 18, '2022-05-26 11:53:27'),
(918, 1, 11, 12, '2022-05-26 11:53:28'),
(919, 1, 13, 16, '2022-05-26 11:53:29'),
(920, 1, 4, 13, '2022-05-26 11:53:30'),
(921, 1, 0, 0, '2022-05-26 11:53:50'),
(922, 1, 0, 0, '2022-05-26 11:53:51'),
(923, 1, 0, 0, '2022-05-26 11:53:54'),
(924, 1, 4, 12, '2022-05-26 11:53:57'),
(925, 1, 23, 39, '2022-05-26 11:53:58'),
(926, 1, 0, 0, '2022-05-26 11:54:14'),
(927, 1, 9, 0, '2022-05-26 11:54:17'),
(928, 1, 0, 0, '2022-05-26 11:54:28'),
(929, 1, 0, 0, '2022-05-26 11:54:35'),
(930, 1, 28, 25, '2022-05-26 11:54:41'),
(931, 1, 13, 16, '2022-05-26 11:54:42'),
(932, 1, 0, 0, '2022-05-26 11:54:46'),
(933, 1, 0, 0, '2022-05-26 11:54:51'),
(934, 1, 9, 10, '2022-05-26 11:55:09'),
(935, 1, 0, 0, '2022-05-26 11:55:11'),
(936, 1, 0, 0, '2022-05-26 11:55:13'),
(937, 1, 10, 27, '2022-05-26 11:55:14'),
(938, 1, 0, 0, '2022-05-26 11:55:33'),
(939, 1, 8, 0, '2022-05-26 11:55:39'),
(940, 1, 1, 3, '2022-05-26 11:55:39'),
(941, 1, 7, 11, '2022-05-26 11:55:40'),
(942, 1, 21, 23, '2022-05-26 11:55:41'),
(943, 1, 19, 0, '2022-05-26 11:55:45'),
(944, 1, 0, 5, '2022-05-26 11:55:51'),
(945, 1, 0, 3, '2022-05-26 11:55:52'),
(946, 1, 9, 9, '2022-05-26 11:55:53'),
(947, 1, 8, 9, '2022-05-26 11:56:06'),
(948, 1, 5, 11, '2022-05-26 11:56:13'),
(949, 1, 15, 15, '2022-05-26 11:56:21'),
(950, 1, 0, 0, '2022-05-26 11:56:30'),
(951, 1, 0, 0, '2022-05-26 11:56:37'),
(952, 1, 3, 2, '2022-05-26 11:56:39'),
(953, 1, 14, 0, '2022-05-26 11:56:48'),
(954, 1, 25, 25, '2022-05-26 11:56:52'),
(955, 1, 0, 0, '2022-05-26 11:56:53'),
(956, 1, 37, 16, '2022-05-26 11:56:57'),
(957, 1, 10, 18, '2022-05-26 11:56:57'),
(958, 1, 20, 18, '2022-05-26 11:56:58'),
(959, 1, 6, 10, '2022-05-26 11:56:59'),
(960, 1, 1, 3, '2022-05-26 11:57:00'),
(961, 1, 19, 8, '2022-05-26 11:57:01'),
(962, 1, 12, 12, '2022-05-26 11:57:04'),
(963, 1, 0, 0, '2022-05-26 11:57:21'),
(964, 1, 16, 3, '2022-05-26 11:57:23'),
(965, 1, 16, 17, '2022-05-26 11:57:24'),
(966, 1, 12, 18, '2022-05-26 11:57:24'),
(967, 1, 7, 7, '2022-05-26 11:57:25'),
(968, 1, 25, 3, '2022-05-26 11:57:26'),
(969, 1, 10, 15, '2022-05-26 11:57:28'),
(970, 1, 17, 31, '2022-05-26 11:57:31'),
(971, 1, 1, 3, '2022-05-26 11:57:32'),
(972, 1, 3, 2, '2022-05-26 11:57:32'),
(973, 1, 0, 0, '2022-05-26 11:57:39'),
(974, 1, 0, 0, '2022-05-26 11:58:06'),
(975, 1, 0, 0, '2022-05-26 11:58:12'),
(976, 1, 0, 0, '2022-05-26 11:58:13'),
(977, 1, 7, 7, '2022-05-26 11:58:14'),
(978, 1, 18, 26, '2022-05-26 11:58:17'),
(979, 1, 0, 0, '2022-05-26 11:58:27'),
(980, 1, 12, 15, '2022-05-26 11:58:50'),
(981, 1, 1, 4, '2022-05-26 11:58:51'),
(982, 1, 0, 0, '2022-05-26 11:58:53'),
(983, 1, 16, 15, '2022-05-26 11:58:55'),
(984, 1, 8, 21, '2022-05-26 11:58:56'),
(985, 1, 0, 0, '2022-05-26 11:59:00'),
(986, 1, 0, 0, '2022-05-26 11:59:24'),
(987, 1, 0, 0, '2022-05-26 11:59:33'),
(988, 1, 22, 4, '2022-05-26 11:59:54'),
(989, 1, 16, 3, '2022-05-26 11:59:57'),
(990, 1, 9, 8, '2022-05-26 11:59:58'),
(991, 1, 35, 25, '2022-05-26 12:00:01'),
(992, 1, 13, 20, '2022-05-26 12:00:03'),
(993, 1, 0, 0, '2022-05-26 12:00:10'),
(994, 1, 0, 10, '2022-05-26 12:00:12'),
(995, 1, 0, 0, '2022-05-26 12:00:14'),
(996, 1, 23, 2, '2022-05-26 12:00:16'),
(997, 1, 0, 0, '2022-05-26 12:00:59'),
(998, 1, 0, 0, '2022-05-26 12:01:03'),
(999, 1, 0, 0, '2022-05-26 12:01:48'),
(1000, 1, 4, 2, '2022-05-26 12:01:59'),
(1001, 1, 0, 0, '2022-05-26 12:02:07'),
(1002, 1, 0, 0, '2022-05-26 12:02:27'),
(1003, 1, 0, 0, '2022-05-26 12:02:30'),
(1004, 1, 8, 11, '2022-05-26 12:02:32'),
(1005, 1, 7, 5, '2022-05-26 12:02:35'),
(1006, 1, 35, 19, '2022-05-26 12:02:36'),
(1007, 1, 0, 0, '2022-05-26 12:02:40'),
(1008, 1, 0, 0, '2022-05-26 12:02:45'),
(1009, 1, 0, 0, '2022-05-26 12:02:46'),
(1010, 1, 11, 13, '2022-05-26 12:02:46'),
(1011, 1, 0, 0, '2022-05-26 12:02:50'),
(1012, 1, 0, 0, '2022-05-26 12:02:55'),
(1013, 1, 24, 26, '2022-05-26 12:02:57'),
(1014, 1, 49, 24, '2022-05-26 12:03:00'),
(1015, 1, 0, 0, '2022-05-26 12:03:01'),
(1016, 1, 20, 16, '2022-05-26 12:03:04'),
(1017, 1, 0, 0, '2022-05-26 12:03:05'),
(1018, 1, 18, 21, '2022-05-26 12:03:07'),
(1019, 1, 16, 27, '2022-05-26 12:03:08'),
(1020, 1, 0, 0, '2022-05-26 12:03:10'),
(1021, 1, 0, 0, '2022-05-26 12:03:12'),
(1022, 1, 0, 0, '2022-05-26 12:03:17'),
(1023, 1, 21, 21, '2022-05-26 12:03:19'),
(1024, 1, 0, 0, '2022-05-26 12:03:21'),
(1025, 1, 31, 27, '2022-05-26 12:03:22'),
(1026, 1, 0, 0, '2022-05-26 12:03:26'),
(1027, 1, 25, 29, '2022-05-26 12:03:28'),
(1028, 1, 0, 0, '2022-05-26 12:03:31'),
(1029, 1, 48, 53, '2022-05-26 12:03:34'),
(1030, 1, 0, 0, '2022-05-26 12:03:36'),
(1031, 1, 11, 12, '2022-05-26 12:03:38'),
(1032, 1, 0, 0, '2022-05-26 12:03:41'),
(1033, 1, 37, 30, '2022-05-26 12:03:43'),
(1034, 1, 0, 0, '2022-05-26 12:03:44'),
(1035, 1, 0, 0, '2022-05-26 12:03:48'),
(1036, 1, 12, 17, '2022-05-26 12:03:50'),
(1037, 1, 12, 21, '2022-05-26 12:03:52'),
(1038, 1, 33, 29, '2022-05-26 12:03:54'),
(1039, 1, 28, 35, '2022-05-26 12:03:56'),
(1040, 1, 0, 0, '2022-05-26 12:03:57'),
(1041, 1, 20, 20, '2022-05-26 12:03:59'),
(1042, 1, 33, 32, '2022-05-26 12:04:00'),
(1043, 1, 0, 0, '2022-05-26 12:04:02'),
(1044, 1, 8, 27, '2022-05-26 12:04:14'),
(1045, 1, 0, 0, '2022-05-26 12:04:18'),
(1046, 1, 21, 39, '2022-05-26 12:04:20'),
(1047, 1, 0, 0, '2022-05-26 12:04:21'),
(1048, 1, 0, 0, '2022-05-26 12:04:25'),
(1049, 1, 6, 17, '2022-05-26 12:04:26'),
(1050, 1, 0, 0, '2022-05-26 12:04:30'),
(1051, 1, 0, 0, '2022-05-26 12:04:34'),
(1052, 1, 18, 16, '2022-05-26 12:04:36'),
(1053, 1, 21, 20, '2022-05-26 12:04:38'),
(1054, 1, 0, 0, '2022-05-26 12:04:40'),
(1055, 1, 20, 30, '2022-05-26 12:04:41'),
(1056, 1, 25, 26, '2022-05-26 12:04:43'),
(1057, 1, 0, 0, '2022-05-26 12:04:44'),
(1058, 1, 11, 12, '2022-05-26 12:04:46'),
(1059, 1, 0, 0, '2022-05-26 12:04:47'),
(1060, 1, 0, 0, '2022-05-26 12:04:51'),
(1061, 1, 23, 23, '2022-05-26 12:04:52'),
(1062, 1, 0, 0, '2022-05-26 12:04:56'),
(1063, 1, 11, 21, '2022-05-26 12:04:59'),
(1064, 1, 0, 0, '2022-05-26 12:05:00'),
(1065, 1, 26, 22, '2022-05-26 12:05:02'),
(1066, 1, 0, 0, '2022-05-26 12:05:05'),
(1067, 1, 26, 28, '2022-05-26 12:05:07'),
(1068, 1, 0, 0, '2022-05-26 12:05:08'),
(1069, 1, 0, 0, '2022-05-26 12:05:11'),
(1070, 1, 0, 0, '2022-05-26 12:05:15'),
(1071, 1, 0, 0, '2022-05-26 12:05:26'),
(1072, 1, 0, 0, '2022-05-26 12:05:30'),
(1073, 1, 34, 10, '2022-05-26 12:05:36'),
(1074, 1, 0, 0, '2022-05-26 12:05:37'),
(1075, 1, 0, 0, '2022-05-26 12:05:41'),
(1076, 1, 26, 31, '2022-05-26 12:05:43'),
(1077, 1, 0, 0, '2022-05-26 12:05:45'),
(1078, 1, 0, 0, '2022-05-26 12:05:47'),
(1079, 1, 0, 0, '2022-05-26 12:05:53'),
(1080, 1, 27, 32, '2022-05-26 12:05:55'),
(1081, 1, 0, 0, '2022-05-26 12:05:56'),
(1082, 1, 0, 0, '2022-05-26 12:06:12'),
(1083, 1, 0, 0, '2022-05-26 12:06:17'),
(1084, 1, 18, 22, '2022-05-26 12:07:46'),
(1085, 1, 27, 31, '2022-05-26 12:07:47'),
(1086, 1, 21, 14, '2022-05-26 12:07:48'),
(1087, 1, 21, 10, '2022-05-26 12:07:50'),
(1088, 1, 11, 0, '2022-05-26 12:07:57'),
(1089, 1, 8, 15, '2022-05-26 12:08:06'),
(1090, 1, 12, 12, '2022-05-26 12:08:10'),
(1091, 1, 24, 9, '2022-05-26 12:08:14'),
(1092, 1, 22, 22, '2022-05-26 12:08:26'),
(1093, 1, 7, 11, '2022-05-26 12:08:28'),
(1094, 1, 0, 3, '2022-05-26 12:08:29'),
(1095, 1, 2, 12, '2022-05-26 12:08:29'),
(1096, 1, 12, 1, '2022-05-26 12:08:30'),
(1097, 1, 16, 0, '2022-05-26 12:08:31'),
(1098, 1, 6, 12, '2022-05-26 12:08:32'),
(1099, 1, 14, 18, '2022-05-26 12:08:33'),
(1100, 1, 12, 19, '2022-05-26 12:08:34'),
(1101, 1, 6, 7, '2022-05-26 12:08:35'),
(1102, 1, 1, 4, '2022-05-26 12:08:37'),
(1103, 1, 16, 6, '2022-05-26 12:08:49'),
(1104, 1, 18, 20, '2022-05-26 12:08:51'),
(1105, 0, 8, 5, '2022-05-26 12:08:57'),
(1106, 0, 23, 21, '2022-05-26 12:09:00'),
(1107, 0, 10, 9, '2022-05-26 12:09:02'),
(1108, 0, 0, 1, '2022-05-26 12:09:04'),
(1109, 0, 11, 12, '2022-05-26 12:09:08'),
(1110, 0, 16, 12, '2022-05-26 12:09:09'),
(1111, 0, 14, 21, '2022-05-26 12:09:10'),
(1112, 0, 15, 16, '2022-05-26 12:09:11'),
(1113, 0, 18, 23, '2022-05-26 12:09:12'),
(1114, 0, 17, 20, '2022-05-26 12:09:13'),
(1115, 0, 5, 14, '2022-05-26 12:09:14'),
(1116, 0, 12, 15, '2022-05-26 12:09:15'),
(1117, 0, 0, 0, '2022-05-26 12:09:18'),
(1118, 0, 5, 0, '2022-05-26 12:09:19'),
(1119, 0, 7, 0, '2022-05-26 12:09:19'),
(1120, 0, 15, 14, '2022-05-26 12:09:21'),
(1121, 0, 18, 19, '2022-05-26 12:09:23'),
(1122, 1, 0, 0, '2022-05-26 12:09:28'),
(1123, 1, 0, 0, '2022-05-26 12:09:36'),
(1124, 1, 0, 0, '2022-05-26 12:10:35'),
(1125, 1, 0, 0, '2022-05-26 12:10:38'),
(1126, 0, 0, 0, '2022-05-26 12:11:34'),
(1127, 0, 16, 23, '2022-05-26 12:11:35'),
(1128, 0, 0, 4, '2022-05-26 12:11:38'),
(1129, 0, 0, 0, '2022-05-26 12:11:39'),
(1130, 0, 11, 12, '2022-05-26 12:11:42'),
(1131, 0, 0, 0, '2022-05-26 12:11:43'),
(1132, 0, 0, 0, '2022-05-26 12:11:51'),
(1133, 0, 0, 0, '2022-05-26 12:12:19'),
(1134, 0, 0, 0, '2022-05-26 12:12:26'),
(1135, 0, 5, 1, '2022-05-26 12:12:31'),
(1136, 0, 0, 1, '2022-05-26 12:12:34'),
(1137, 0, 0, 0, '2022-05-26 12:12:42'),
(1138, 0, 0, 0, '2022-05-26 12:12:59'),
(1139, 0, 0, 4, '2022-05-26 12:13:00'),
(1140, 0, 17, 27, '2022-05-26 12:13:26'),
(1141, 0, 5, 9, '2022-05-26 12:13:56'),
(1142, 0, 3, 3, '2022-05-26 12:13:58'),
(1143, 0, 0, 0, '2022-05-26 12:14:08'),
(1144, 0, 0, 0, '2022-05-26 12:14:13'),
(1145, 0, 0, 0, '2022-05-26 12:14:24'),
(1146, 0, 0, 0, '2022-05-26 12:14:40'),
(1147, 0, 0, 0, '2022-05-26 12:14:42'),
(1148, 0, 21, 8, '2022-05-26 12:14:48'),
(1149, 0, 15, 29, '2022-05-26 12:15:09'),
(1150, 0, 5, 5, '2022-05-26 12:15:09'),
(1151, 0, 11, 12, '2022-05-26 12:15:10'),
(1152, 0, 16, 16, '2022-05-26 12:15:11'),
(1153, 0, 3, 7, '2022-05-26 12:15:13'),
(1154, 0, 9, 28, '2022-05-26 12:15:19'),
(1155, 0, 0, 0, '2022-05-26 12:15:21'),
(1156, 0, 0, 0, '2022-05-26 12:15:24'),
(1157, 0, 9, 23, '2022-05-26 12:15:26'),
(1158, 0, 29, 21, '2022-05-26 12:15:27'),
(1159, 0, 11, 6, '2022-05-26 12:15:28'),
(1160, 0, 4, 6, '2022-05-26 12:15:29'),
(1161, 0, 5, 10, '2022-05-26 12:15:32'),
(1162, 0, 0, 0, '2022-05-26 12:15:35'),
(1163, 0, 0, 0, '2022-05-26 12:16:03'),
(1164, 0, 0, 2, '2022-05-26 12:16:11'),
(1165, 0, 0, 3, '2022-05-26 12:16:14'),
(1166, 0, 0, 0, '2022-05-26 12:16:17'),
(1167, 0, 0, 0, '2022-05-26 12:16:27'),
(1168, 0, 0, 0, '2022-05-26 12:16:31'),
(1169, 0, 0, 0, '2022-05-26 12:16:46'),
(1170, 0, 0, 0, '2022-05-26 12:16:52'),
(1171, 0, 25, 23, '2022-05-26 12:16:55'),
(1172, 0, 0, 0, '2022-05-26 12:17:06'),
(1173, 0, 0, 0, '2022-05-26 12:17:14'),
(1174, 0, 0, 0, '2022-05-26 12:17:21'),
(1175, 0, 7, 25, '2022-05-26 12:17:22'),
(1176, 0, 0, 0, '2022-05-26 12:17:25'),
(1177, 0, 0, 1, '2022-05-26 12:17:26'),
(1178, 0, 0, 0, '2022-05-26 12:17:38'),
(1179, 0, 10, 13, '2022-05-26 12:17:58'),
(1180, 0, 0, 2, '2022-05-26 12:18:04'),
(1181, 0, 5, 12, '2022-05-26 12:18:07'),
(1182, 0, 0, 0, '2022-05-26 12:18:15'),
(1183, 0, 0, 0, '2022-05-26 12:18:30'),
(1184, 0, 0, 0, '2022-05-26 12:18:54'),
(1185, 0, 0, 6, '2022-05-26 12:18:57'),
(1186, 0, 0, 0, '2022-05-26 12:19:46'),
(1187, 0, 0, 0, '2022-05-26 12:19:49'),
(1188, 0, 24, 29, '2022-05-26 12:19:50'),
(1189, 0, 0, 0, '2022-05-26 12:20:02'),
(1190, 0, 0, 0, '2022-05-26 12:20:32'),
(1191, 0, 0, 0, '2022-05-26 12:21:05'),
(1192, 0, 24, 8, '2022-05-26 12:21:13'),
(1193, 0, 22, 14, '2022-05-26 12:21:17'),
(1194, 0, 10, 11, '2022-05-26 12:21:19'),
(1195, 0, 20, 20, '2022-05-26 12:21:20'),
(1196, 0, 17, 22, '2022-05-26 12:21:21'),
(1197, 0, 19, 6, '2022-05-26 12:21:31'),
(1198, 0, 5, 2, '2022-05-26 12:21:33'),
(1199, 0, 15, 9, '2022-05-26 12:21:34'),
(1200, 0, 10, 15, '2022-05-26 12:21:36'),
(1201, 0, 4, 7, '2022-05-26 12:21:37'),
(1202, 0, 0, 0, '2022-05-26 12:21:43'),
(1203, 0, 8, 13, '2022-05-26 12:21:46'),
(1204, 0, 0, 5, '2022-05-26 12:21:47'),
(1205, 0, 0, 0, '2022-05-26 12:22:04'),
(1206, 0, 9, 11, '2022-05-26 12:22:05'),
(1207, 0, 4, 15, '2022-05-26 12:22:11'),
(1208, 0, 21, 4, '2022-05-26 12:22:13'),
(1209, 0, 20, 14, '2022-05-26 12:22:14'),
(1210, 0, 0, 1, '2022-05-26 12:22:26'),
(1211, 0, 4, 6, '2022-05-26 12:22:45'),
(1212, 0, 4, 2, '2022-05-26 12:22:45'),
(1213, 0, 3, 10, '2022-05-26 12:22:46'),
(1214, 0, 21, 32, '2022-05-26 12:22:47'),
(1215, 0, 17, 17, '2022-05-26 12:22:48'),
(1216, 0, 3, 7, '2022-05-26 12:22:51'),
(1217, 0, 12, 1, '2022-05-26 12:22:51'),
(1218, 0, 0, 0, '2022-05-26 12:22:56'),
(1219, 0, 0, 13, '2022-05-26 12:23:03'),
(1220, 0, 3, 12, '2022-05-26 12:23:26'),
(1221, 0, 0, 0, '2022-05-26 12:23:27'),
(1222, 0, 21, 20, '2022-05-26 12:23:33'),
(1223, 0, 0, 0, '2022-05-26 12:23:45'),
(1224, 0, 0, 0, '2022-05-26 12:23:49'),
(1225, 0, 0, 0, '2022-05-26 12:24:00'),
(1226, 0, 0, 0, '2022-05-26 12:24:12'),
(1227, 0, 18, 0, '2022-05-26 12:24:32'),
(1228, 0, 24, 29, '2022-05-26 12:24:33'),
(1229, 0, 11, 10, '2022-05-26 12:24:34'),
(1230, 0, 0, 0, '2022-05-26 12:24:35'),
(1231, 0, 0, 0, '2022-05-26 12:24:48'),
(1232, 0, 0, 0, '2022-05-26 12:24:52'),
(1233, 0, 0, 0, '2022-05-26 12:25:00'),
(1234, 0, 0, 0, '2022-05-26 12:25:17'),
(1235, 0, 0, 0, '2022-05-26 12:25:28'),
(1236, 0, 5, 9, '2022-05-26 12:25:31'),
(1237, 0, 3, 10, '2022-05-26 12:25:46'),
(1238, 0, 0, 0, '2022-05-26 12:25:47'),
(1239, 0, 0, 0, '2022-05-26 12:25:48'),
(1240, 0, 14, 24, '2022-05-26 12:25:50'),
(1241, 0, 6, 0, '2022-05-26 12:25:51'),
(1242, 0, 0, 0, '2022-05-26 12:25:52'),
(1243, 0, 0, 5, '2022-05-26 12:25:53'),
(1244, 0, 0, 5, '2022-05-26 12:25:54'),
(1245, 0, 0, 6, '2022-05-26 12:25:55'),
(1246, 0, 0, 0, '2022-05-26 12:25:58'),
(1247, 0, 0, 0, '2022-05-26 12:26:35'),
(1248, 0, 4, 4, '2022-05-26 12:26:37'),
(1249, 0, 3, 10, '2022-05-26 12:26:39'),
(1250, 0, 8, 13, '2022-05-26 12:26:41'),
(1251, 0, 6, 16, '2022-05-26 12:26:43'),
(1252, 0, 28, 29, '2022-05-26 12:26:50'),
(1253, 0, 46, 42, '2022-05-26 12:26:51'),
(1254, 0, 31, 32, '2022-05-26 12:26:52'),
(1255, 0, 0, 0, '2022-05-26 12:27:05'),
(1256, 0, 0, 0, '2022-05-26 12:27:21'),
(1257, 0, 0, 0, '2022-05-26 12:27:39'),
(1258, 0, 0, 0, '2022-05-26 12:28:10'),
(1259, 0, 9, 4, '2022-05-26 12:28:10'),
(1260, 0, 9, 11, '2022-05-26 12:28:11'),
(1261, 0, 16, 19, '2022-05-26 12:28:12'),
(1262, 0, 5, 4, '2022-05-26 12:28:13'),
(1263, 0, 0, 0, '2022-05-26 12:28:14'),
(1264, 0, 21, 17, '2022-05-26 12:28:15'),
(1265, 0, 18, 25, '2022-05-26 12:28:16'),
(1266, 0, 16, 14, '2022-05-26 12:28:17'),
(1267, 0, 0, 1, '2022-05-26 12:28:18'),
(1268, 0, 1, 13, '2022-05-26 12:28:19'),
(1269, 0, 0, 8, '2022-05-26 12:28:20'),
(1270, 0, 6, 12, '2022-05-26 12:28:21'),
(1271, 0, 4, 10, '2022-05-26 12:28:39'),
(1272, 1, 0, 0, '2022-05-26 12:29:41'),
(1273, 1, 0, 0, '2022-05-26 12:29:42'),
(1274, 1, 0, 0, '2022-05-26 12:29:56'),
(1275, 1, 0, 0, '2022-05-26 12:30:08'),
(1276, 1, 38, 32, '2022-05-26 12:30:22'),
(1277, 1, 12, 11, '2022-05-26 12:30:26'),
(1278, 1, 19, 22, '2022-05-26 12:30:27'),
(1279, 1, 18, 2, '2022-05-26 12:30:36'),
(1280, 1, 17, 12, '2022-05-26 12:30:37'),
(1281, 1, 0, 0, '2022-05-26 12:30:39'),
(1282, 1, 0, 0, '2022-05-26 12:30:45'),
(1283, 1, 22, 21, '2022-05-26 12:30:49'),
(1284, 1, 0, 0, '2022-05-26 12:30:50'),
(1285, 1, 0, 0, '2022-05-26 12:30:53'),
(1286, 1, 25, 27, '2022-05-26 12:30:55'),
(1287, 1, 0, 0, '2022-05-26 12:30:58'),
(1288, 1, 0, 0, '2022-05-26 12:30:59'),
(1289, 1, 29, 16, '2022-05-26 12:31:00'),
(1290, 1, 0, 0, '2022-05-26 12:31:03'),
(1291, 1, 32, 34, '2022-05-26 12:31:05'),
(1292, 1, 15, 16, '2022-05-26 12:31:06'),
(1293, 1, 0, 0, '2022-05-26 12:31:08'),
(1294, 1, 19, 15, '2022-05-26 12:31:10'),
(1295, 1, 42, 22, '2022-05-26 12:31:12'),
(1296, 1, 0, 0, '2022-05-26 12:31:13'),
(1297, 1, 12, 28, '2022-05-26 12:31:15'),
(1298, 1, 0, 0, '2022-05-26 12:31:16');
INSERT INTO `patient_data` (`id`, `patient_id`, `sensor1`, `sensor2`, `date`) VALUES
(1299, 1, 0, 0, '2022-05-26 12:31:20'),
(1300, 1, 49, 27, '2022-05-26 12:31:23'),
(1301, 1, 0, 0, '2022-05-26 12:31:24'),
(1302, 1, 15, 12, '2022-05-26 12:31:26'),
(1303, 1, 30, 32, '2022-05-26 12:31:28'),
(1304, 1, 0, 0, '2022-05-26 12:31:29'),
(1305, 1, 0, 0, '2022-05-26 12:31:32'),
(1306, 1, 0, 0, '2022-05-26 12:31:34'),
(1307, 1, 12, 23, '2022-05-26 12:31:36'),
(1308, 1, 0, 0, '2022-05-26 12:31:37'),
(1309, 1, 0, 0, '2022-05-26 12:31:41'),
(1310, 1, 0, 0, '2022-05-26 12:31:45'),
(1311, 1, 8, 19, '2022-05-26 12:31:47'),
(1312, 1, 0, 0, '2022-05-26 12:31:51'),
(1313, 1, 16, 19, '2022-05-26 12:31:52'),
(1314, 1, 17, 26, '2022-05-26 12:31:54'),
(1315, 1, 0, 0, '2022-05-26 12:31:56'),
(1316, 1, 0, 0, '2022-05-26 12:31:57'),
(1317, 1, 35, 25, '2022-05-26 12:32:07'),
(1318, 1, 31, 26, '2022-05-26 12:32:13'),
(1319, 1, 27, 24, '2022-05-26 12:32:16'),
(1320, 1, 21, 32, '2022-05-26 12:32:20'),
(1321, 1, 0, 0, '2022-05-26 12:32:27'),
(1322, 1, 37, 13, '2022-05-26 12:32:28'),
(1323, 1, 0, 0, '2022-05-26 12:32:31'),
(1324, 1, 19, 26, '2022-05-26 12:32:33'),
(1325, 1, 0, 0, '2022-05-26 12:32:36'),
(1326, 1, 18, 14, '2022-05-26 12:32:38'),
(1327, 1, 31, 9, '2022-05-26 12:32:39'),
(1328, 1, 0, 0, '2022-05-26 12:32:41'),
(1329, 1, 22, 19, '2022-05-26 12:32:43'),
(1330, 1, 30, 34, '2022-05-26 12:32:44'),
(1331, 1, 0, 0, '2022-05-26 12:32:47'),
(1332, 1, 0, 0, '2022-05-26 12:32:49'),
(1333, 1, 0, 0, '2022-05-26 12:32:53'),
(1334, 1, 0, 0, '2022-05-26 12:32:58'),
(1335, 1, 0, 0, '2022-05-26 12:32:59'),
(1336, 1, 14, 15, '2022-05-26 12:33:03'),
(1337, 1, 36, 34, '2022-05-26 12:33:15'),
(1338, 1, 14, 18, '2022-05-26 12:33:16'),
(1339, 1, 19, 27, '2022-05-26 12:33:19'),
(1340, 1, 0, 0, '2022-05-26 12:33:20'),
(1341, 1, 0, 0, '2022-05-26 12:33:25'),
(1342, 1, 0, 0, '2022-05-26 12:33:29'),
(1343, 0, 0, 0, '2022-05-26 12:33:33'),
(1344, 0, 0, 0, '2022-05-26 12:33:39'),
(1345, 0, 0, 0, '2022-05-26 12:33:43'),
(1346, 0, 0, 0, '2022-05-26 12:33:44'),
(1347, 0, 26, 18, '2022-05-26 12:33:57'),
(1348, 0, 8, 17, '2022-05-26 12:34:08'),
(1349, 0, 17, 0, '2022-05-26 12:34:14'),
(1350, 0, 5, 0, '2022-05-26 12:34:15'),
(1351, 0, 15, 17, '2022-05-26 12:34:21'),
(1352, 0, 26, 19, '2022-05-26 12:34:22'),
(1353, 0, 0, 0, '2022-05-26 12:34:40'),
(1354, 0, 19, 22, '2022-05-26 12:34:45'),
(1355, 0, 0, 0, '2022-05-26 12:34:47'),
(1356, 0, 0, 0, '2022-05-26 12:34:53'),
(1357, 0, 3, 4, '2022-05-26 12:34:54'),
(1358, 0, 0, 0, '2022-05-26 12:34:56'),
(1359, 0, 4, 2, '2022-05-26 12:34:59'),
(1360, 0, 15, 7, '2022-05-26 12:35:01'),
(1361, 0, 17, 14, '2022-05-26 12:35:01'),
(1362, 0, 17, 18, '2022-05-26 12:35:03'),
(1363, 0, 0, 0, '2022-05-26 12:35:09'),
(1364, 0, 22, 26, '2022-05-26 12:35:13'),
(1365, 0, 0, 0, '2022-05-26 12:35:15'),
(1366, 0, 17, 12, '2022-05-26 12:35:21'),
(1367, 0, 12, 11, '2022-05-26 12:35:27'),
(1368, 0, 0, 0, '2022-05-26 12:35:42'),
(1369, 0, 0, 10, '2022-05-26 12:35:54'),
(1370, 0, 0, 0, '2022-05-26 12:35:57'),
(1371, 0, 0, 0, '2022-05-26 12:36:20'),
(1372, 0, 10, 2, '2022-05-26 12:36:28'),
(1373, 0, 0, 0, '2022-05-26 12:36:29'),
(1374, 0, 0, 0, '2022-05-26 12:36:40'),
(1375, 1, 0, 0, '2022-05-26 12:36:47'),
(1376, 1, 0, 0, '2022-05-26 12:36:51'),
(1377, 1, 0, 0, '2022-05-26 12:36:56'),
(1378, 0, 0, 0, '2022-05-26 12:37:50'),
(1379, 0, 0, 0, '2022-05-26 12:38:10'),
(1380, 0, 0, 1, '2022-05-26 12:38:11'),
(1381, 0, 3, 6, '2022-05-26 12:38:14'),
(1382, 0, 13, 15, '2022-05-26 12:38:16'),
(1383, 0, 11, 19, '2022-05-26 12:38:24'),
(1384, 0, 19, 23, '2022-05-26 12:38:48'),
(1385, 0, 4, 5, '2022-05-26 12:38:51'),
(1386, 0, 0, 0, '2022-05-26 12:38:52'),
(1387, 0, 14, 18, '2022-05-26 12:39:01'),
(1388, 1, 0, 0, '2022-05-26 12:40:02'),
(1389, 1, 0, 4, '2022-05-26 12:40:03'),
(1390, 1, 0, 3, '2022-05-26 12:40:04'),
(1391, 1, 11, 13, '2022-05-26 12:40:05'),
(1392, 1, 10, 0, '2022-05-26 12:40:07'),
(1393, 1, 30, 19, '2022-05-26 12:40:08'),
(1394, 1, 10, 13, '2022-05-26 12:40:55'),
(1395, 1, 8, 14, '2022-05-26 12:40:58'),
(1396, 1, 0, 9, '2022-05-26 12:41:03'),
(1397, 1, 0, 0, '2022-05-26 12:41:10'),
(1398, 1, 0, 0, '2022-05-26 12:41:15'),
(1399, 1, 21, 24, '2022-05-26 12:41:16'),
(1400, 1, 0, 0, '2022-05-26 12:41:20'),
(1401, 1, 0, 0, '2022-05-26 12:41:25'),
(1402, 1, 0, 0, '2022-05-26 12:41:31'),
(1403, 1, 18, 17, '2022-05-26 12:41:35'),
(1404, 1, 0, 0, '2022-05-26 12:41:36'),
(1405, 1, 5, 11, '2022-05-26 12:41:40'),
(1406, 1, 0, 0, '2022-05-26 12:41:59'),
(1407, 1, 0, 0, '2022-05-26 12:42:04'),
(1408, 1, 0, 0, '2022-05-26 12:42:05'),
(1409, 1, 0, 0, '2022-05-26 12:42:09'),
(1410, 1, 21, 23, '2022-05-26 12:42:11'),
(1411, 1, 0, 0, '2022-05-26 12:42:25'),
(1412, 1, 18, 20, '2022-05-26 12:42:30'),
(1413, 1, 0, 0, '2022-05-26 12:42:31'),
(1414, 1, 0, 0, '2022-05-26 12:42:35'),
(1415, 1, 17, 23, '2022-05-26 12:42:38'),
(1416, 1, 0, 0, '2022-05-26 12:42:39'),
(1417, 1, 0, 0, '2022-05-26 12:42:44'),
(1418, 1, 9, 9, '2022-05-26 12:42:46'),
(1419, 1, 0, 0, '2022-05-26 12:42:49'),
(1420, 1, 29, 25, '2022-05-26 12:42:51'),
(1421, 1, 0, 0, '2022-05-26 12:42:55'),
(1422, 1, 0, 0, '2022-05-26 12:42:59'),
(1423, 1, 0, 0, '2022-05-26 12:43:04'),
(1424, 1, 0, 0, '2022-05-26 12:43:05'),
(1425, 1, 15, 17, '2022-05-26 12:43:06'),
(1426, 1, 0, 0, '2022-05-26 12:43:09'),
(1427, 1, 36, 16, '2022-05-26 12:43:12'),
(1428, 1, 0, 0, '2022-05-26 12:43:14'),
(1429, 1, 0, 0, '2022-05-26 12:43:19'),
(1430, 1, 0, 0, '2022-05-26 12:43:25'),
(1431, 1, 13, 21, '2022-05-26 12:43:26'),
(1432, 1, 0, 0, '2022-05-26 12:43:29'),
(1433, 1, 0, 0, '2022-05-26 12:43:39'),
(1434, 1, 16, 16, '2022-05-26 12:43:44'),
(1435, 1, 0, 0, '2022-05-26 12:43:45'),
(1436, 1, 0, 0, '2022-05-26 12:43:50'),
(1437, 1, 21, 24, '2022-05-26 12:43:54'),
(1438, 1, 0, 0, '2022-05-26 12:43:55'),
(1439, 1, 17, 21, '2022-05-26 12:43:57'),
(1440, 1, 15, 0, '2022-05-26 12:44:15'),
(1441, 1, 0, 0, '2022-05-26 12:45:03'),
(1442, 1, 0, 0, '2022-05-26 12:45:13'),
(1443, 1, 0, 0, '2022-05-26 12:45:28'),
(1444, 1, 4, 1, '2022-05-26 12:45:32'),
(1445, 1, 2, 8, '2022-05-26 12:45:35'),
(1446, 1, 3, 5, '2022-05-26 12:45:37'),
(1447, 1, 15, 18, '2022-05-26 12:45:38'),
(1448, 1, 16, 18, '2022-05-26 12:45:39'),
(1449, 1, 7, 1, '2022-05-26 12:45:40'),
(1450, 1, 0, 0, '2022-05-26 12:46:06'),
(1451, 1, 0, 0, '2022-05-26 12:46:25'),
(1452, 1, 0, 4, '2022-05-26 12:46:32'),
(1453, 1, 8, 14, '2022-05-26 12:46:39'),
(1454, 1, 0, 0, '2022-05-26 12:46:40'),
(1455, 1, 27, 10, '2022-05-26 12:46:42'),
(1456, 1, 24, 28, '2022-05-26 12:46:56'),
(1457, 1, 0, 0, '2022-05-26 12:47:01'),
(1458, 1, 2, 1, '2022-05-26 12:47:13'),
(1459, 1, 3, 8, '2022-05-26 12:47:17'),
(1460, 1, 16, 3, '2022-05-26 12:47:21'),
(1461, 1, 9, 18, '2022-05-26 12:47:22'),
(1462, 1, 0, 0, '2022-05-26 12:47:25'),
(1463, 1, 0, 0, '2022-05-26 12:47:31'),
(1464, 1, 0, 0, '2022-05-26 12:47:42'),
(1465, 1, 18, 29, '2022-05-26 12:47:45'),
(1466, 1, 0, 0, '2022-05-26 12:47:47'),
(1467, 1, 9, 5, '2022-05-26 12:47:49'),
(1468, 1, 26, 14, '2022-05-26 12:47:51'),
(1469, 1, 0, 0, '2022-05-26 12:48:06'),
(1470, 1, 2, 9, '2022-05-26 12:48:08'),
(1471, 1, 14, 18, '2022-05-26 12:48:08'),
(1472, 1, 12, 12, '2022-05-26 12:48:09'),
(1473, 1, 7, 13, '2022-05-26 12:48:10'),
(1474, 1, 0, 1, '2022-05-26 12:48:11'),
(1475, 1, 5, 15, '2022-05-26 12:48:12'),
(1476, 1, 9, 8, '2022-05-26 12:48:13'),
(1477, 1, 14, 0, '2022-05-26 12:48:14'),
(1478, 1, 15, 0, '2022-05-26 12:48:16'),
(1479, 1, 0, 0, '2022-05-26 12:48:21'),
(1480, 1, 10, 10, '2022-05-26 12:48:27'),
(1481, 1, 27, 13, '2022-05-26 12:48:34'),
(1482, 1, 0, 0, '2022-05-26 12:48:35'),
(1483, 1, 12, 16, '2022-05-26 12:48:38'),
(1484, 1, 32, 26, '2022-05-26 12:48:39'),
(1485, 1, 16, 14, '2022-05-26 12:48:41'),
(1486, 1, 22, 18, '2022-05-26 12:48:42'),
(1487, 1, 23, 30, '2022-05-26 12:48:44'),
(1488, 1, 14, 18, '2022-05-26 12:48:45'),
(1489, 1, 18, 16, '2022-05-26 12:48:46'),
(1490, 1, 0, 0, '2022-05-26 12:49:09'),
(1491, 1, 0, 0, '2022-05-26 12:49:16'),
(1492, 1, 15, 23, '2022-05-26 12:49:25'),
(1493, 1, 17, 18, '2022-05-26 12:49:30'),
(1494, 1, 10, 4, '2022-05-26 12:49:39'),
(1495, 1, 0, 0, '2022-05-26 12:49:46'),
(1496, 1, 18, 21, '2022-05-26 12:49:50'),
(1497, 1, 25, 17, '2022-05-26 12:49:51'),
(1498, 1, 2, 1, '2022-05-26 12:49:52'),
(1499, 1, 0, 0, '2022-05-26 12:50:05'),
(1500, 1, 0, 0, '2022-05-26 12:50:10'),
(1501, 1, 0, 11, '2022-05-26 12:50:14'),
(1502, 3, 0, 0, '2022-05-26 12:50:20'),
(1503, 4, 0, 0, '2022-05-26 12:50:30'),
(1504, 4, 0, 0, '2022-05-26 12:50:34'),
(1505, 4, 14, 15, '2022-05-26 12:50:48'),
(1506, 4, 0, 0, '2022-05-26 12:50:56'),
(1507, 4, 23, 70, '2022-05-26 12:51:06'),
(1508, 4, 43, 37, '2022-05-26 12:51:09'),
(1509, 4, 0, 0, '2022-05-26 12:51:12'),
(1510, 4, 0, 0, '2022-05-26 12:51:15'),
(1511, 4, 11, 0, '2022-05-26 12:51:16'),
(1512, 4, 36, 39, '2022-05-26 12:51:19'),
(1513, 4, 15, 35, '2022-05-26 12:51:20'),
(1514, 0, 0, 0, '2022-05-26 12:51:43'),
(1515, 0, 0, 0, '2022-05-26 12:51:48'),
(1516, 0, 0, 0, '2022-05-26 12:51:53'),
(1517, 0, 0, 0, '2022-05-26 12:51:57'),
(1518, 0, 0, 0, '2022-05-26 12:51:58'),
(1519, 0, 0, 0, '2022-05-26 12:52:06'),
(1520, 0, 0, 0, '2022-05-26 12:52:23'),
(1521, 0, 0, 0, '2022-05-26 12:52:25'),
(1522, 0, 0, 0, '2022-05-26 12:52:28'),
(1523, 0, 0, 0, '2022-05-26 12:52:37'),
(1524, 0, 18, 6, '2022-05-26 12:52:47'),
(1525, 0, 24, 1, '2022-05-26 12:52:56'),
(1526, 0, 30, 23, '2022-05-26 12:52:58'),
(1527, 0, 20, 34, '2022-05-26 12:52:59'),
(1528, 0, 0, 0, '2022-05-26 12:53:14'),
(1529, 0, 0, 0, '2022-05-26 12:53:18'),
(1530, 0, 41, 26, '2022-05-26 12:53:21'),
(1531, 0, 33, 18, '2022-05-26 12:53:22'),
(1532, 0, 0, 7, '2022-05-26 12:53:24'),
(1533, 0, 8, 19, '2022-05-26 12:53:25'),
(1534, 0, 0, 0, '2022-05-26 12:53:34'),
(1535, 0, 0, 0, '2022-05-26 12:53:51'),
(1536, 0, 0, 0, '2022-05-26 12:53:54'),
(1537, 0, 0, 0, '2022-05-26 12:54:06'),
(1538, 0, 39, 37, '2022-05-26 12:54:17');

-- --------------------------------------------------------

--
-- Table structure for table `rooms`
--

CREATE TABLE `rooms` (
  `id` int(11) NOT NULL,
  `room_id` int(11) DEFAULT NULL,
  `doctor_id` int(11) DEFAULT NULL,
  `patient_id` int(11) DEFAULT NULL
) ENGINE=InnoDB DEFAULT CHARSET=utf8mb4 COLLATE=utf8mb4_general_ci;

--
-- Dumping data for table `rooms`
--

INSERT INTO `rooms` (`id`, `room_id`, `doctor_id`, `patient_id`) VALUES
(1, 1, 2, 1),
(2, 1, 2, 3),
(3, 2, 2, 4),
(4, 2, 5, 6);

-- --------------------------------------------------------

--
-- Table structure for table `roomsd`
--

CREATE TABLE `roomsd` (
  `id` int(11) NOT NULL,
  `room_id` int(11) DEFAULT NULL,
  `doctor_id` int(11) DEFAULT NULL
) ENGINE=InnoDB DEFAULT CHARSET=utf8mb4 COLLATE=utf8mb4_general_ci;

--
-- Dumping data for table `roomsd`
--

INSERT INTO `roomsd` (`id`, `room_id`, `doctor_id`) VALUES
(1, 1, 1),
(2, 1, 2),
(3, 1, 5),
(4, 2, 2),
(5, 2, 5),
(6, 3, 2);

-- --------------------------------------------------------

--
-- Table structure for table `roomsp`
--

CREATE TABLE `roomsp` (
  `id` int(11) NOT NULL,
  `room_id` int(11) DEFAULT NULL,
  `patient_id` int(11) DEFAULT NULL
) ENGINE=InnoDB DEFAULT CHARSET=utf8mb4 COLLATE=utf8mb4_general_ci;

--
-- Dumping data for table `roomsp`
--

INSERT INTO `roomsp` (`id`, `room_id`, `patient_id`) VALUES
(1, 1, 1),
(2, 1, 3),
(3, 2, 4),
(4, 2, 6);

-- --------------------------------------------------------

--
-- Table structure for table `users`
--

CREATE TABLE `users` (
  `id` int(11) NOT NULL,
  `name` varchar(100) COLLATE utf8mb4_general_ci DEFAULT NULL,
  `email` varchar(100) COLLATE utf8mb4_general_ci DEFAULT NULL,
  `password` varchar(100) COLLATE utf8mb4_general_ci DEFAULT NULL,
  `role` varchar(100) COLLATE utf8mb4_general_ci DEFAULT NULL,
  `date` datetime DEFAULT NULL
) ENGINE=InnoDB DEFAULT CHARSET=utf8mb4 COLLATE=utf8mb4_general_ci;

--
-- Dumping data for table `users`
--

INSERT INTO `users` (`id`, `name`, `email`, `password`, `role`, `date`) VALUES
(1, 'Mayar', 'Mayar@gmail.com', '123', 'patient', '2022-05-12 19:43:08'),
(2, 'doctor1', 'doctor1@gmail.com', '123', 'doctor', NULL),
(3, 'p2', 'p2@gmail.com', '123', 'patient', '2022-05-12 20:09:15'),
(4, 'm', 'm', '1', 'patient', '2022-05-14 23:34:58'),
(5, 'doctor2', 'doctor2@gmail.com', '123', 'doctor', NULL),
(6, 'px', 'px@gmail.com', '123', 'patient', NULL),
(7, 'Y', '79', '7', 'patient', '2022-05-26 12:29:22');

--
-- Indexes for dumped tables
--

--
-- Indexes for table `batlino`
--
ALTER TABLE `batlino`
  ADD PRIMARY KEY (`id`);

--
-- Indexes for table `patient_data`
--
ALTER TABLE `patient_data`
  ADD PRIMARY KEY (`id`);

--
-- Indexes for table `rooms`
--
ALTER TABLE `rooms`
  ADD PRIMARY KEY (`id`);

--
-- Indexes for table `roomsd`
--
ALTER TABLE `roomsd`
  ADD PRIMARY KEY (`id`);

--
-- Indexes for table `roomsp`
--
ALTER TABLE `roomsp`
  ADD PRIMARY KEY (`id`);

--
-- Indexes for table `users`
--
ALTER TABLE `users`
  ADD PRIMARY KEY (`id`);

--
-- AUTO_INCREMENT for dumped tables
--

--
-- AUTO_INCREMENT for table `batlino`
--
ALTER TABLE `batlino`
  MODIFY `id` int(11) NOT NULL AUTO_INCREMENT, AUTO_INCREMENT=1234;

--
-- AUTO_INCREMENT for table `patient_data`
--
ALTER TABLE `patient_data`
  MODIFY `id` int(11) NOT NULL AUTO_INCREMENT, AUTO_INCREMENT=1539;

--
-- AUTO_INCREMENT for table `rooms`
--
ALTER TABLE `rooms`
  MODIFY `id` int(11) NOT NULL AUTO_INCREMENT, AUTO_INCREMENT=5;

--
-- AUTO_INCREMENT for table `roomsd`
--
ALTER TABLE `roomsd`
  MODIFY `id` int(11) NOT NULL AUTO_INCREMENT, AUTO_INCREMENT=7;

--
-- AUTO_INCREMENT for table `roomsp`
--
ALTER TABLE `roomsp`
  MODIFY `id` int(11) NOT NULL AUTO_INCREMENT, AUTO_INCREMENT=5;

--
-- AUTO_INCREMENT for table `users`
--
ALTER TABLE `users`
  MODIFY `id` int(11) NOT NULL AUTO_INCREMENT, AUTO_INCREMENT=8;
COMMIT;

/*!40101 SET CHARACTER_SET_CLIENT=@OLD_CHARACTER_SET_CLIENT */;
/*!40101 SET CHARACTER_SET_RESULTS=@OLD_CHARACTER_SET_RESULTS */;
/*!40101 SET COLLATION_CONNECTION=@OLD_COLLATION_CONNECTION */;
